#
# A fatal error has been detected by the Java Runtime Environment:
#
#  SIGBUS (0xa) at pc=0x0000000104b94418, pid=2905, tid=42243
#
# JRE version: OpenJDK Runtime Environment Corretto-17.0.10.7.1 (17.0.10+7) (build 17.0.10+7-LTS)
# Java VM: OpenJDK 64-Bit Server VM Corretto-17.0.10.7.1 (17.0.10+7-LTS, mixed mode, sharing, tiered, compressed oops, compressed class ptrs, g1 gc, bsd-aarch64)
# Problematic frame:
# V  [libjvm.dylib+0x998418]  MarkActivationClosure::do_code_blob(CodeBlob*)+0x1c
#
# No core dump will be written. Core dumps have been disabled. To enable core dumping, try "ulimit -c unlimited" before starting Java again
#
# If you would like to submit a bug report, please visit:
#   https://github.com/corretto/corretto-17/issues/
#

---------------  S U M M A R Y ------------

Command Line: --add-opens=java.base/java.util=ALL-UNNAMED --add-opens=java.base/java.lang=ALL-UNNAMED --add-opens=java.base/java.lang.invoke=ALL-UNNAMED --add-opens=java.prefs/java.util.prefs=ALL-UNNAMED --add-opens=java.base/java.nio.charset=ALL-UNNAMED --add-opens=java.base/java.net=ALL-UNNAMED --add-opens=java.base/java.util.concurrent.atomic=ALL-UNNAMED -Xmx4G -Dfile.encoding=UTF-8 -Duser.country=US -Duser.language=en -Duser.variant -javaagent:/Users/andrewyin/.gradle/wrapper/dists/gradle-8.4-bin/1w5dpkrfk8irigvoxmyhowfim/gradle-8.4/lib/agents/gradle-instrumentation-agent-8.4.jar org.gradle.launcher.daemon.bootstrap.GradleDaemon 8.4

Host: "MacBookPro18,3" arm64, 8 cores, 16G, Darwin 23.4.0, macOS 14.4 (23E214)
Time: Fri Sep  5 20:10:09 2025 KST elapsed time: 2.062784 seconds (0d 0h 0m 2s)

---------------  T H R E A D  ---------------

Current thread (0x0000000143bc0600):  JavaThread "Daemon worker" [_thread_in_vm, id=42243, stack(0x000000017947c000,0x000000017967f000)]

Stack: [0x000000017947c000,0x000000017967f000],  sp=0x0000000179671ba0,  free space=2006k
Native frames: (J=compiled Java code, j=interpreted, Vv=VM code, C=native code)
V  [libjvm.dylib+0x998418]  MarkActivationClosure::do_code_blob(CodeBlob*)+0x1c
V  [libjvm.dylib+0x9d8e80]  JavaThread::nmethods_do(CodeBlobClosure*)+0xa8
V  [libjvm.dylib+0x42eb78]  HandshakeState::process_by_self(bool)+0x338
V  [libjvm.dylib+0x888700]  SafepointMechanism::process(JavaThread*, bool)+0x5c
V  [libjvm.dylib+0xa0eda8]  Unsafe_CopySwapMemory0(JNIEnv_*, _jobject*, _jobject*, long, _jobject*, long, long, long)+0xec
j  jdk.internal.misc.Unsafe.copySwapMemory0(Ljava/lang/Object;JLjava/lang/Object;JJJ)V+0 java.base@17.0.10
j  jdk.internal.misc.Unsafe.copySwapMemory(Ljava/lang/Object;JLjava/lang/Object;JJJ)V+33 java.base@17.0.10
j  jdk.internal.misc.ScopedMemoryAccess.copySwapMemoryInternal(Ljdk/internal/misc/ScopedMemoryAccess$Scope;Ljdk/internal/misc/ScopedMemoryAccess$Scope;Ljava/lang/Object;JLjava/lang/Object;JJJ)V+34 java.base@17.0.10
j  jdk.internal.misc.ScopedMemoryAccess.copySwapMemory(Ljdk/internal/misc/ScopedMemoryAccess$Scope;Ljdk/internal/misc/ScopedMemoryAccess$Scope;Ljava/lang/Object;JLjava/lang/Object;JJJ)V+14 java.base@17.0.10
j  java.nio.CharBuffer.getArray(I[CII)Ljava/nio/CharBuffer;+79 java.base@17.0.10
j  java.nio.CharBuffer.get([CII)Ljava/nio/CharBuffer;+39 java.base@17.0.10
j  java.nio.CharBuffer.get([C)Ljava/nio/CharBuffer;+5 java.base@17.0.10
j  jdk.internal.icu.impl.ICUBinary.getChars(Ljava/nio/ByteBuffer;II)[C+9 java.base@17.0.10
j  jdk.internal.icu.util.CodePointTrie.fromBinary(Ljdk/internal/icu/util/CodePointTrie$Type;Ljdk/internal/icu/util/CodePointTrie$ValueWidth;Ljava/nio/ByteBuffer;)Ljdk/internal/icu/util/CodePointTrie;+443 java.base@17.0.10
j  jdk.internal.icu.util.CodePointTrie$Fast16.fromBinary(Ljava/nio/ByteBuffer;)Ljdk/internal/icu/util/CodePointTrie$Fast16;+7 java.base@17.0.10
j  jdk.internal.icu.impl.NormalizerImpl.load(Ljava/nio/ByteBuffer;)Ljdk/internal/icu/impl/NormalizerImpl;+214 java.base@17.0.10
j  jdk.internal.icu.impl.NormalizerImpl.load(Ljava/lang/String;)Ljdk/internal/icu/impl/NormalizerImpl;+5 java.base@17.0.10
j  jdk.internal.icu.impl.Norm2AllModes$Norm2AllModesSingleton.<init>(Ljava/lang/String;)V+37 java.base@17.0.10
j  jdk.internal.icu.impl.Norm2AllModes$NFCSingleton.<clinit>()V+6 java.base@17.0.10
v  ~StubRoutines::call_stub
V  [libjvm.dylib+0x48e108]  JavaCalls::call_helper(JavaValue*, methodHandle const&, JavaCallArguments*, JavaThread*)+0x38c
V  [libjvm.dylib+0x46d7d0]  InstanceKlass::call_class_initializer(JavaThread*)+0x1f4
V  [libjvm.dylib+0x46ca5c]  InstanceKlass::initialize_impl(JavaThread*)+0x674
V  [libjvm.dylib+0x6b6f4c]  LinkResolver::resolve_field(fieldDescriptor&, LinkInfo const&, Bytecodes::Code, bool, JavaThread*)+0x488
V  [libjvm.dylib+0x6b6aa8]  LinkResolver::resolve_field_access(fieldDescriptor&, constantPoolHandle const&, int, methodHandle const&, Bytecodes::Code, JavaThread*)+0x50
V  [libjvm.dylib+0x4860f0]  InterpreterRuntime::resolve_get_put(JavaThread*, Bytecodes::Code)+0x158
V  [libjvm.dylib+0x4874d4]  InterpreterRuntime::resolve_from_cache(JavaThread*, Bytecodes::Code)+0x90
j  jdk.internal.icu.impl.Norm2AllModes.getNFCInstance()Ljdk/internal/icu/impl/Norm2AllModes;+0 java.base@17.0.10
j  jdk.internal.icu.text.Normalizer2.getNFCInstance()Ljdk/internal/icu/text/Normalizer2;+0 java.base@17.0.10
j  jdk.internal.icu.text.NormalizerBase$NFCModeImpl.<clinit>()V+4 java.base@17.0.10
v  ~StubRoutines::call_stub
V  [libjvm.dylib+0x48e108]  JavaCalls::call_helper(JavaValue*, methodHandle const&, JavaCallArguments*, JavaThread*)+0x38c
V  [libjvm.dylib+0x46d7d0]  InstanceKlass::call_class_initializer(JavaThread*)+0x1f4
V  [libjvm.dylib+0x46ca5c]  InstanceKlass::initialize_impl(JavaThread*)+0x674
V  [libjvm.dylib+0x6b6f4c]  LinkResolver::resolve_field(fieldDescriptor&, LinkInfo const&, Bytecodes::Code, bool, JavaThread*)+0x488
V  [libjvm.dylib+0x6b6aa8]  LinkResolver::resolve_field_access(fieldDescriptor&, constantPoolHandle const&, int, methodHandle const&, Bytecodes::Code, JavaThread*)+0x50
V  [libjvm.dylib+0x4860f0]  InterpreterRuntime::resolve_get_put(JavaThread*, Bytecodes::Code)+0x158
V  [libjvm.dylib+0x4874d4]  InterpreterRuntime::resolve_from_cache(JavaThread*, Bytecodes::Code)+0x90
j  jdk.internal.icu.text.NormalizerBase$NFCMode.getNormalizer2(I)Ljdk/internal/icu/text/Normalizer2;+16 java.base@17.0.10
j  jdk.internal.icu.text.NormalizerBase.normalize(Ljava/lang/String;Ljdk/internal/icu/text/NormalizerBase$Mode;I)Ljava/lang/String;+2 java.base@17.0.10
j  jdk.internal.icu.text.NormalizerBase.normalize(Ljava/lang/String;Ljava/text/Normalizer$Form;)Ljava/lang/String;+6 java.base@17.0.10
j  java.text.Normalizer.normalize(Ljava/lang/CharSequence;Ljava/text/Normalizer$Form;)Ljava/lang/String;+7 java.base@17.0.10
j  java.util.regex.Pattern.normalizeClazz(Ljava/lang/String;IILjava/lang/StringBuilder;)V+10 java.base@17.0.10
j  java.util.regex.Pattern.normalize(Ljava/lang/String;)Ljava/lang/String;+161 java.base@17.0.10
j  java.util.regex.Pattern.compile()V+24 java.base@17.0.10
J 3305 c1 java.util.regex.Pattern.<init>(Ljava/lang/String;I)V java.base@17.0.10 (144 bytes) @ 0x000000010d3930e8 [0x000000010d392ac0+0x0000000000000628]
j  java.util.regex.Pattern.compile(Ljava/lang/String;I)Ljava/util/regex/Pattern;+6 java.base@17.0.10
j  sun.nio.fs.MacOSXFileSystem.compilePathMatchPattern(Ljava/lang/String;)Ljava/util/regex/Pattern;+4 java.base@17.0.10
j  sun.nio.fs.UnixFileSystem.getPathMatcher(Ljava/lang/String;)Ljava/nio/file/PathMatcher;+113 java.base@17.0.10
j  java.nio.file.Files.newDirectoryStream(Ljava/nio/file/Path;Ljava/lang/String;)Ljava/nio/file/DirectoryStream;+41 java.base@17.0.10
j  javax.crypto.JceSecurity.setupJurisdictionPolicies()V+273 java.base@17.0.10
j  javax.crypto.JceSecurity$1.run()Ljava/lang/Void;+0 java.base@17.0.10
j  javax.crypto.JceSecurity$1.run()Ljava/lang/Object;+1 java.base@17.0.10
J 1170 c1 java.security.AccessController.executePrivileged(Ljava/security/PrivilegedExceptionAction;Ljava/security/AccessControlContext;Ljava/lang/Class;)Ljava/lang/Object; java.base@17.0.10 (65 bytes) @ 0x000000010cf4d8e4 [0x000000010cf4d780+0x0000000000000164]
j  java.security.AccessController.doPrivileged(Ljava/security/PrivilegedExceptionAction;)Ljava/lang/Object;+9 java.base@17.0.10
j  javax.crypto.JceSecurity.<clinit>()V+54 java.base@17.0.10
v  ~StubRoutines::call_stub
V  [libjvm.dylib+0x48e108]  JavaCalls::call_helper(JavaValue*, methodHandle const&, JavaCallArguments*, JavaThread*)+0x38c
V  [libjvm.dylib+0x46d7d0]  InstanceKlass::call_class_initializer(JavaThread*)+0x1f4
V  [libjvm.dylib+0x46ca5c]  InstanceKlass::initialize_impl(JavaThread*)+0x674
V  [libjvm.dylib+0x6b7194]  LinkResolver::resolve_static_call(CallInfo&, LinkInfo const&, bool, JavaThread*)+0x90
V  [libjvm.dylib+0x6b9184]  LinkResolver::resolve_invoke(CallInfo&, Handle, constantPoolHandle const&, int, Bytecodes::Code, JavaThread*)+0xac
V  [libjvm.dylib+0x486f0c]  InterpreterRuntime::resolve_invoke(JavaThread*, Bytecodes::Code)+0x290
V  [libjvm.dylib+0x4874f4]  InterpreterRuntime::resolve_from_cache(JavaThread*, Bytecodes::Code)+0xb0
j  javax.crypto.Cipher.getInstance(Ljava/lang/String;)Ljavax/crypto/Cipher;+134 java.base@17.0.10
j  sun.security.ssl.SSLCipher.isTransformationAvailable(Ljava/lang/String;)Z+12 java.base@17.0.10
j  sun.security.ssl.SSLCipher.<init>(Ljava/lang/String;ILjava/lang/String;Lsun/security/ssl/CipherType;IIIIZZ[Ljava/util/Map$Entry;[Ljava/util/Map$Entry;)V+124 java.base@17.0.10
j  sun.security.ssl.SSLCipher.<clinit>()V+182 java.base@17.0.10
v  ~StubRoutines::call_stub
V  [libjvm.dylib+0x48e108]  JavaCalls::call_helper(JavaValue*, methodHandle const&, JavaCallArguments*, JavaThread*)+0x38c
V  [libjvm.dylib+0x46d7d0]  InstanceKlass::call_class_initializer(JavaThread*)+0x1f4
V  [libjvm.dylib+0x46ca5c]  InstanceKlass::initialize_impl(JavaThread*)+0x674
V  [libjvm.dylib+0x6b6f4c]  LinkResolver::resolve_field(fieldDescriptor&, LinkInfo const&, Bytecodes::Code, bool, JavaThread*)+0x488
V  [libjvm.dylib+0x6b6aa8]  LinkResolver::resolve_field_access(fieldDescriptor&, constantPoolHandle const&, int, methodHandle const&, Bytecodes::Code, JavaThread*)+0x50
V  [libjvm.dylib+0x4860f0]  InterpreterRuntime::resolve_get_put(JavaThread*, Bytecodes::Code)+0x158
V  [libjvm.dylib+0x4874d4]  InterpreterRuntime::resolve_from_cache(JavaThread*, Bytecodes::Code)+0x90
j  sun.security.ssl.CipherSuite.<clinit>()V+18 java.base@17.0.10
v  ~StubRoutines::call_stub
V  [libjvm.dylib+0x48e108]  JavaCalls::call_helper(JavaValue*, methodHandle const&, JavaCallArguments*, JavaThread*)+0x38c
V  [libjvm.dylib+0x46d7d0]  InstanceKlass::call_class_initializer(JavaThread*)+0x1f4
V  [libjvm.dylib+0x46ca5c]  InstanceKlass::initialize_impl(JavaThread*)+0x674
V  [libjvm.dylib+0x6b7194]  LinkResolver::resolve_static_call(CallInfo&, LinkInfo const&, bool, JavaThread*)+0x90
V  [libjvm.dylib+0x6b9184]  LinkResolver::resolve_invoke(CallInfo&, Handle, constantPoolHandle const&, int, Bytecodes::Code, JavaThread*)+0xac
V  [libjvm.dylib+0x486f0c]  InterpreterRuntime::resolve_invoke(JavaThread*, Bytecodes::Code)+0x290
V  [libjvm.dylib+0x4874f4]  InterpreterRuntime::resolve_from_cache(JavaThread*, Bytecodes::Code)+0xb0
j  sun.security.ssl.SSLContextImpl.getApplicableSupportedCipherSuites(Ljava/util/List;)Ljava/util/List;+0 java.base@17.0.10
j  sun.security.ssl.SSLContextImpl$AbstractTLSContext.<clinit>()V+84 java.base@17.0.10
v  ~StubRoutines::call_stub
V  [libjvm.dylib+0x48e108]  JavaCalls::call_helper(JavaValue*, methodHandle const&, JavaCallArguments*, JavaThread*)+0x38c
V  [libjvm.dylib+0x46d7d0]  InstanceKlass::call_class_initializer(JavaThread*)+0x1f4
V  [libjvm.dylib+0x46ca5c]  InstanceKlass::initialize_impl(JavaThread*)+0x674
V  [libjvm.dylib+0x46c624]  InstanceKlass::initialize_impl(JavaThread*)+0x23c
V  [libjvm.dylib+0x46c624]  InstanceKlass::initialize_impl(JavaThread*)+0x23c
V  [libjvm.dylib+0x536d0c]  JVM_FindClassFromCaller+0x344
C  [libjava.dylib+0x26f0]  Java_java_lang_Class_forName0+0x134
J 1555  java.lang.Class.forName0(Ljava/lang/String;ZLjava/lang/ClassLoader;Ljava/lang/Class;)Ljava/lang/Class; java.base@17.0.10 (0 bytes) @ 0x00000001148991ec [0x0000000114899140+0x00000000000000ac]
C  0x000000070603c3d8

Java frames: (J=compiled Java code, j=interpreted, Vv=VM code)
j  jdk.internal.misc.Unsafe.copySwapMemory0(Ljava/lang/Object;JLjava/lang/Object;JJJ)V+0 java.base@17.0.10
j  jdk.internal.misc.Unsafe.copySwapMemory(Ljava/lang/Object;JLjava/lang/Object;JJJ)V+33 java.base@17.0.10
j  jdk.internal.misc.ScopedMemoryAccess.copySwapMemoryInternal(Ljdk/internal/misc/ScopedMemoryAccess$Scope;Ljdk/internal/misc/ScopedMemoryAccess$Scope;Ljava/lang/Object;JLjava/lang/Object;JJJ)V+34 java.base@17.0.10
j  jdk.internal.misc.ScopedMemoryAccess.copySwapMemory(Ljdk/internal/misc/ScopedMemoryAccess$Scope;Ljdk/internal/misc/ScopedMemoryAccess$Scope;Ljava/lang/Object;JLjava/lang/Object;JJJ)V+14 java.base@17.0.10
j  java.nio.CharBuffer.getArray(I[CII)Ljava/nio/CharBuffer;+79 java.base@17.0.10
j  java.nio.CharBuffer.get([CII)Ljava/nio/CharBuffer;+39 java.base@17.0.10
j  java.nio.CharBuffer.get([C)Ljava/nio/CharBuffer;+5 java.base@17.0.10
j  jdk.internal.icu.impl.ICUBinary.getChars(Ljava/nio/ByteBuffer;II)[C+9 java.base@17.0.10
j  jdk.internal.icu.util.CodePointTrie.fromBinary(Ljdk/internal/icu/util/CodePointTrie$Type;Ljdk/internal/icu/util/CodePointTrie$ValueWidth;Ljava/nio/ByteBuffer;)Ljdk/internal/icu/util/CodePointTrie;+443 java.base@17.0.10
j  jdk.internal.icu.util.CodePointTrie$Fast16.fromBinary(Ljava/nio/ByteBuffer;)Ljdk/internal/icu/util/CodePointTrie$Fast16;+7 java.base@17.0.10
j  jdk.internal.icu.impl.NormalizerImpl.load(Ljava/nio/ByteBuffer;)Ljdk/internal/icu/impl/NormalizerImpl;+214 java.base@17.0.10
j  jdk.internal.icu.impl.NormalizerImpl.load(Ljava/lang/String;)Ljdk/internal/icu/impl/NormalizerImpl;+5 java.base@17.0.10
j  jdk.internal.icu.impl.Norm2AllModes$Norm2AllModesSingleton.<init>(Ljava/lang/String;)V+37 java.base@17.0.10
j  jdk.internal.icu.impl.Norm2AllModes$NFCSingleton.<clinit>()V+6 java.base@17.0.10
v  ~StubRoutines::call_stub
j  jdk.internal.icu.impl.Norm2AllModes.getNFCInstance()Ljdk/internal/icu/impl/Norm2AllModes;+0 java.base@17.0.10
j  jdk.internal.icu.text.Normalizer2.getNFCInstance()Ljdk/internal/icu/text/Normalizer2;+0 java.base@17.0.10
j  jdk.internal.icu.text.NormalizerBase$NFCModeImpl.<clinit>()V+4 java.base@17.0.10
v  ~StubRoutines::call_stub
j  jdk.internal.icu.text.NormalizerBase$NFCMode.getNormalizer2(I)Ljdk/internal/icu/text/Normalizer2;+16 java.base@17.0.10
j  jdk.internal.icu.text.NormalizerBase.normalize(Ljava/lang/String;Ljdk/internal/icu/text/NormalizerBase$Mode;I)Ljava/lang/String;+2 java.base@17.0.10
j  jdk.internal.icu.text.NormalizerBase.normalize(Ljava/lang/String;Ljava/text/Normalizer$Form;)Ljava/lang/String;+6 java.base@17.0.10
j  java.text.Normalizer.normalize(Ljava/lang/CharSequence;Ljava/text/Normalizer$Form;)Ljava/lang/String;+7 java.base@17.0.10
j  java.util.regex.Pattern.normalizeClazz(Ljava/lang/String;IILjava/lang/StringBuilder;)V+10 java.base@17.0.10
j  java.util.regex.Pattern.normalize(Ljava/lang/String;)Ljava/lang/String;+161 java.base@17.0.10
j  java.util.regex.Pattern.compile()V+24 java.base@17.0.10
J 3305 c1 java.util.regex.Pattern.<init>(Ljava/lang/String;I)V java.base@17.0.10 (144 bytes) @ 0x000000010d3930e8 [0x000000010d392ac0+0x0000000000000628]
j  java.util.regex.Pattern.compile(Ljava/lang/String;I)Ljava/util/regex/Pattern;+6 java.base@17.0.10
j  sun.nio.fs.MacOSXFileSystem.compilePathMatchPattern(Ljava/lang/String;)Ljava/util/regex/Pattern;+4 java.base@17.0.10
j  sun.nio.fs.UnixFileSystem.getPathMatcher(Ljava/lang/String;)Ljava/nio/file/PathMatcher;+113 java.base@17.0.10
j  java.nio.file.Files.newDirectoryStream(Ljava/nio/file/Path;Ljava/lang/String;)Ljava/nio/file/DirectoryStream;+41 java.base@17.0.10
j  javax.crypto.JceSecurity.setupJurisdictionPolicies()V+273 java.base@17.0.10
j  javax.crypto.JceSecurity$1.run()Ljava/lang/Void;+0 java.base@17.0.10
j  javax.crypto.JceSecurity$1.run()Ljava/lang/Object;+1 java.base@17.0.10
J 1170 c1 java.security.AccessController.executePrivileged(Ljava/security/PrivilegedExceptionAction;Ljava/security/AccessControlContext;Ljava/lang/Class;)Ljava/lang/Object; java.base@17.0.10 (65 bytes) @ 0x000000010cf4d8e4 [0x000000010cf4d780+0x0000000000000164]
j  java.security.AccessController.doPrivileged(Ljava/security/PrivilegedExceptionAction;)Ljava/lang/Object;+9 java.base@17.0.10
j  javax.crypto.JceSecurity.<clinit>()V+54 java.base@17.0.10
v  ~StubRoutines::call_stub
j  javax.crypto.Cipher.getInstance(Ljava/lang/String;)Ljavax/crypto/Cipher;+134 java.base@17.0.10
j  sun.security.ssl.SSLCipher.isTransformationAvailable(Ljava/lang/String;)Z+12 java.base@17.0.10
j  sun.security.ssl.SSLCipher.<init>(Ljava/lang/String;ILjava/lang/String;Lsun/security/ssl/CipherType;IIIIZZ[Ljava/util/Map$Entry;[Ljava/util/Map$Entry;)V+124 java.base@17.0.10
j  sun.security.ssl.SSLCipher.<clinit>()V+182 java.base@17.0.10
v  ~StubRoutines::call_stub
j  sun.security.ssl.CipherSuite.<clinit>()V+18 java.base@17.0.10
v  ~StubRoutines::call_stub
j  sun.security.ssl.SSLContextImpl.getApplicableSupportedCipherSuites(Ljava/util/List;)Ljava/util/List;+0 java.base@17.0.10
j  sun.security.ssl.SSLContextImpl$AbstractTLSContext.<clinit>()V+84 java.base@17.0.10
v  ~StubRoutines::call_stub
J 1555  java.lang.Class.forName0(Ljava/lang/String;ZLjava/lang/ClassLoader;Ljava/lang/Class;)Ljava/lang/Class; java.base@17.0.10 (0 bytes) @ 0x00000001148991ec [0x0000000114899140+0x00000000000000ac]
J 2472 c1 java.lang.Class.forName(Ljava/lang/String;)Ljava/lang/Class; java.base@17.0.10 (15 bytes) @ 0x000000010d1c5da0 [0x000000010d1c5c80+0x0000000000000120]
j  java.security.Provider$Service.getImplClass()Ljava/lang/Class;+64 java.base@17.0.10
j  java.security.Provider$Service.getDefaultConstructor()Ljava/lang/reflect/Constructor;+46 java.base@17.0.10
j  java.security.Provider$Service.newInstanceOf()Ljava/lang/Object;+1 java.base@17.0.10
j  java.security.Provider$Service.newInstanceUtil(Ljava/lang/Class;Ljava/lang/Object;)Ljava/lang/Object;+5 java.base@17.0.10
j  java.security.Provider$Service.newInstance(Ljava/lang/Object;)Ljava/lang/Object;+227 java.base@17.0.10
j  sun.security.jca.GetInstance.getInstance(Ljava/security/Provider$Service;Ljava/lang/Class;)Lsun/security/jca/GetInstance$Instance;+2 java.base@17.0.10
j  sun.security.jca.GetInstance.getInstance(Ljava/lang/String;Ljava/lang/Class;Ljava/lang/String;)Lsun/security/jca/GetInstance$Instance;+56 java.base@17.0.10
j  javax.net.ssl.SSLContext.getInstance(Ljava/lang/String;)Ljavax/net/ssl/SSLContext;+12 java.base@17.0.10
j  javax.net.ssl.SSLContext.getDefault()Ljavax/net/ssl/SSLContext;+10 java.base@17.0.10
j  javax.net.ssl.SSLSocketFactory.getDefault()Ljavax/net/SocketFactory;+10 java.base@17.0.10
j  javax.net.ssl.HttpsURLConnection.getDefaultSSLSocketFactory()Ljavax/net/ssl/SSLSocketFactory;+6 java.base@17.0.10
j  javax.net.ssl.HttpsURLConnection.<init>(Ljava/net/URL;)V+13 java.base@17.0.10
j  sun.net.www.protocol.https.HttpsURLConnectionImpl.<init>(Ljava/net/URL;Ljava/net/Proxy;Lsun/net/www/protocol/https/Handler;)V+5 java.base@17.0.10
j  sun.net.www.protocol.https.Handler.openConnection(Ljava/net/URL;Ljava/net/Proxy;)Ljava/net/URLConnection;+7 java.base@17.0.10
j  sun.net.www.protocol.https.Handler.openConnection(Ljava/net/URL;)Ljava/net/URLConnection;+6 java.base@17.0.10
j  java.net.URL.openConnection()Ljava/net/URLConnection;+5 java.base@17.0.10
j  net.minecraftforge.gradle.common.util.EnvironmentChecks.testServerConnection(Ljava/lang/String;)V+8
j  net.minecraftforge.gradle.common.util.EnvironmentChecks.checkEnvironment(Lorg/gradle/api/Project;)V+119
j  net.minecraftforge.gradle.userdev.UserDevPlugin.apply(Lorg/gradle/api/Project;)V+1
j  net.minecraftforge.gradle.userdev.UserDevPlugin.apply(Ljava/lang/Object;)V+5
j  org.gradle.api.internal.plugins.ImperativeOnlyPluginTarget.applyImperative(Ljava/lang/String;Lorg/gradle/api/Plugin;)V+13
j  org.gradle.api.internal.plugins.RuleBasedPluginTarget.applyImperative(Ljava/lang/String;Lorg/gradle/api/Plugin;)V+6
j  org.gradle.api.internal.plugins.DefaultPluginManager.addPlugin(Ljava/lang/Runnable;Lorg/gradle/api/internal/plugins/PluginImplementation;Ljava/lang/String;Ljava/lang/Class;)V+54
j  org.gradle.api.internal.plugins.DefaultPluginManager.access$100(Lorg/gradle/api/internal/plugins/DefaultPluginManager;Ljava/lang/Runnable;Lorg/gradle/api/internal/plugins/PluginImplementation;Ljava/lang/String;Ljava/lang/Class;)V+6
j  org.gradle.api.internal.plugins.DefaultPluginManager$AddPluginBuildOperation.run(Lorg/gradle/internal/operations/BuildOperationContext;)V+20
j  org.gradle.internal.operations.DefaultBuildOperationRunner$1.execute(Lorg/gradle/internal/operations/RunnableBuildOperation;Lorg/gradle/internal/operations/BuildOperationContext;)V+2
j  org.gradle.internal.operations.DefaultBuildOperationRunner$1.execute(Lorg/gradle/internal/operations/BuildOperation;Lorg/gradle/internal/operations/BuildOperationContext;)V+6
j  org.gradle.internal.operations.DefaultBuildOperationRunner$2.execute(Lorg/gradle/internal/operations/BuildOperationDescriptor;Lorg/gradle/internal/operations/BuildOperationState;Lorg/gradle/internal/operations/BuildOperationState;Lorg/gradle/internal/operations/DefaultBuildOperationRunner$ReadableBuildOperationContext;Lorg/gradle/internal/operations/DefaultBuildOperationRunner$BuildOperationExecutionListener;)Lorg/gradle/internal/operations/BuildOperation;+22
j  org.gradle.internal.operations.DefaultBuildOperationRunner$2.execute(Lorg/gradle/internal/operations/BuildOperationDescriptor;Lorg/gradle/internal/operations/BuildOperationState;Lorg/gradle/internal/operations/BuildOperationState;Lorg/gradle/internal/operations/DefaultBuildOperationRunner$ReadableBuildOperationContext;Lorg/gradle/internal/operations/DefaultBuildOperationRunner$BuildOperationExecutionListener;)Ljava/lang/Object;+8
j  org.gradle.internal.operations.DefaultBuildOperationRunner.execute(Lorg/gradle/internal/operations/BuildOperationDescriptor$Builder;Lorg/gradle/internal/operations/BuildOperationState;Lorg/gradle/internal/operations/DefaultBuildOperationRunner$BuildOperationExecution;)Ljava/lang/Object;+141
j  org.gradle.internal.operations.DefaultBuildOperationRunner.execute(Lorg/gradle/internal/operations/BuildOperation;Lorg/gradle/internal/operations/BuildOperationWorker;Lorg/gradle/internal/operations/BuildOperationState;)V+18
j  org.gradle.internal.operations.DefaultBuildOperationRunner.run(Lorg/gradle/internal/operations/RunnableBuildOperation;)V+9
j  org.gradle.internal.operations.DefaultBuildOperationExecutor.run(Lorg/gradle/internal/operations/RunnableBuildOperation;)V+5
j  org.gradle.api.internal.plugins.DefaultPluginManager.lambda$doApply$0(Ljava/lang/Runnable;Lorg/gradle/api/internal/plugins/PluginImplementation;Ljava/lang/String;Ljava/lang/Class;Lorg/gradle/configuration/internal/UserCodeApplicationId;)V+20
j  org.gradle.api.internal.plugins.DefaultPluginManager$$Lambda$699+0x0000000801585bd8.execute(Ljava/lang/Object;)V+24
j  org.gradle.configuration.internal.DefaultUserCodeApplicationContext.apply(Lorg/gradle/internal/DisplayName;Lorg/gradle/api/Action;)V+37
j  org.gradle.api.internal.plugins.DefaultPluginManager.doApply(Lorg/gradle/api/internal/plugins/PluginImplementation;)V+132
j  org.gradle.api.internal.plugins.DefaultPluginManager.apply(Ljava/lang/String;)V+52
j  org.gradle.api.internal.plugins.DefaultObjectConfigurationAction.applyType(Ljava/lang/String;)V+43
j  org.gradle.api.internal.plugins.DefaultObjectConfigurationAction.access$200(Lorg/gradle/api/internal/plugins/DefaultObjectConfigurationAction;Ljava/lang/String;)V+2
j  org.gradle.api.internal.plugins.DefaultObjectConfigurationAction$3.run()V+8
j  org.gradle.api.internal.plugins.DefaultObjectConfigurationAction.execute()V+58
j  org.gradle.api.internal.project.AbstractPluginAware.apply(Ljava/util/Map;)V+12
j  org.gradle.api.internal.project.ProjectScript.apply(Ljava/util/Map;)V+5
j  org.gradle.api.Script$apply$0.callCurrent(Lgroovy/lang/GroovyObject;[Ljava/lang/Object;)Ljava/lang/Object;+19
j  org.codehaus.groovy.runtime.callsite.CallSiteArray.defaultCallCurrent(Lorg/codehaus/groovy/runtime/callsite/CallSite;Lgroovy/lang/GroovyObject;[Ljava/lang/Object;)Ljava/lang/Object;+17
j  org.codehaus.groovy.runtime.callsite.AbstractCallSite.callCurrent(Lgroovy/lang/GroovyObject;[Ljava/lang/Object;)Ljava/lang/Object;+3
j  org.codehaus.groovy.runtime.callsite.AbstractCallSite.callCurrent(Lgroovy/lang/GroovyObject;Ljava/lang/Object;)Ljava/lang/Object;+33
j  build_4qondyrl8lvpc3ttjn9ofa316.run()Ljava/lang/Object;+27
j  org.gradle.groovy.scripts.internal.DefaultScriptRunnerFactory$ScriptRunnerImpl.run(Ljava/lang/Object;Lorg/gradle/internal/service/ServiceRegistry;)V+57
j  org.gradle.configuration.DefaultScriptPluginFactory$ScriptPluginImpl.lambda$apply$0(Lorg/gradle/groovy/scripts/ScriptRunner;Ljava/lang/Object;Lorg/gradle/internal/service/DefaultServiceRegistry;)V+3
j  org.gradle.configuration.DefaultScriptPluginFactory$ScriptPluginImpl$$Lambda$463+0x00000008013e34c0.run()V+12
j  org.gradle.configuration.ProjectScriptTarget.addConfiguration(Ljava/lang/Runnable;Z)V+18
j  org.gradle.configuration.DefaultScriptPluginFactory$ScriptPluginImpl.apply(Ljava/lang/Object;)V+391
j  org.gradle.configuration.BuildOperationScriptPlugin$1.run(Lorg/gradle/internal/operations/BuildOperationContext;)V+11
j  org.gradle.internal.operations.DefaultBuildOperationRunner$1.execute(Lorg/gradle/internal/operations/RunnableBuildOperation;Lorg/gradle/internal/operations/BuildOperationContext;)V+2
j  org.gradle.internal.operations.DefaultBuildOperationRunner$1.execute(Lorg/gradle/internal/operations/BuildOperation;Lorg/gradle/internal/operations/BuildOperationContext;)V+6
j  org.gradle.internal.operations.DefaultBuildOperationRunner$2.execute(Lorg/gradle/internal/operations/BuildOperationDescriptor;Lorg/gradle/internal/operations/BuildOperationState;Lorg/gradle/internal/operations/BuildOperationState;Lorg/gradle/internal/operations/DefaultBuildOperationRunner$ReadableBuildOperationContext;Lorg/gradle/internal/operations/DefaultBuildOperationRunner$BuildOperationExecutionListener;)Lorg/gradle/internal/operations/BuildOperation;+22
j  org.gradle.internal.operations.DefaultBuildOperationRunner$2.execute(Lorg/gradle/internal/operations/BuildOperationDescriptor;Lorg/gradle/internal/operations/BuildOperationState;Lorg/gradle/internal/operations/BuildOperationState;Lorg/gradle/internal/operations/DefaultBuildOperationRunner$ReadableBuildOperationContext;Lorg/gradle/internal/operations/DefaultBuildOperationRunner$BuildOperationExecutionListener;)Ljava/lang/Object;+8
j  org.gradle.internal.operations.DefaultBuildOperationRunner.execute(Lorg/gradle/internal/operations/BuildOperationDescriptor$Builder;Lorg/gradle/internal/operations/BuildOperationState;Lorg/gradle/internal/operations/DefaultBuildOperationRunner$BuildOperationExecution;)Ljava/lang/Object;+141
j  org.gradle.internal.operations.DefaultBuildOperationRunner.execute(Lorg/gradle/internal/operations/BuildOperation;Lorg/gradle/internal/operations/BuildOperationWorker;Lorg/gradle/internal/operations/BuildOperationState;)V+18
j  org.gradle.internal.operations.DefaultBuildOperationRunner.run(Lorg/gradle/internal/operations/RunnableBuildOperation;)V+9
j  org.gradle.internal.operations.DefaultBuildOperationExecutor.run(Lorg/gradle/internal/operations/RunnableBuildOperation;)V+5
j  org.gradle.configuration.BuildOperationScriptPlugin.lambda$apply$0(Ljava/lang/Object;Lorg/gradle/configuration/internal/UserCodeApplicationId;)V+14
j  org.gradle.configuration.BuildOperationScriptPlugin$$Lambda$390+0x00000008013b3238.execute(Ljava/lang/Object;)V+12
j  org.gradle.configuration.internal.DefaultUserCodeApplicationContext.apply(Lorg/gradle/internal/DisplayName;Lorg/gradle/api/Action;)V+37
j  org.gradle.configuration.BuildOperationScriptPlugin.apply(Ljava/lang/Object;)V+61
j  org.gradle.configuration.project.BuildScriptProcessor$$Lambda$725+0x00000008015bdb58.accept(Ljava/lang/Object;)V+8
j  org.gradle.api.internal.project.DefaultProjectStateRegistry$ProjectStateImpl.lambda$applyToMutableState$1(Ljava/util/function/Consumer;Lorg/gradle/api/internal/project/ProjectInternal;)Ljava/lang/Object;+2
j  org.gradle.api.internal.project.DefaultProjectStateRegistry$ProjectStateImpl$$Lambda$697+0x0000000801554000.apply(Ljava/lang/Object;)Ljava/lang/Object;+8
j  org.gradle.api.internal.project.DefaultProjectStateRegistry$ProjectStateImpl.fromMutableState(Ljava/util/function/Function;)Ljava/lang/Object;+97
j  org.gradle.api.internal.project.DefaultProjectStateRegistry$ProjectStateImpl.applyToMutableState(Ljava/util/function/Consumer;)V+7
j  org.gradle.configuration.project.BuildScriptProcessor.execute(Lorg/gradle/api/internal/project/ProjectInternal;)V+88
j  org.gradle.configuration.project.BuildScriptProcessor.execute(Ljava/lang/Object;)V+5
j  org.gradle.configuration.project.ConfigureActionsProjectEvaluator.evaluate(Lorg/gradle/api/internal/project/ProjectInternal;Lorg/gradle/api/internal/project/ProjectStateInternal;)V+33
j  org.gradle.configuration.project.LifecycleProjectEvaluator$EvaluateProject.lambda$run$0(Lorg/gradle/internal/operations/BuildOperationContext;Lorg/gradle/api/internal/project/ProjectInternal;)V+67
j  org.gradle.configuration.project.LifecycleProjectEvaluator$EvaluateProject$$Lambda$696+0x0000000801549d50.accept(Ljava/lang/Object;)V+12
j  org.gradle.api.internal.project.DefaultProjectStateRegistry$ProjectStateImpl.lambda$applyToMutableState$1(Ljava/util/function/Consumer;Lorg/gradle/api/internal/project/ProjectInternal;)Ljava/lang/Object;+2
j  org.gradle.api.internal.project.DefaultProjectStateRegistry$ProjectStateImpl$$Lambda$697+0x0000000801554000.apply(Ljava/lang/Object;)Ljava/lang/Object;+8
j  org.gradle.api.internal.project.DefaultProjectStateRegistry$ProjectStateImpl.lambda$fromMutableState$2(Ljava/util/function/Function;)Ljava/lang/Object;+5
j  org.gradle.api.internal.project.DefaultProjectStateRegistry$ProjectStateImpl$$Lambda$698+0x0000000801554248.create()Ljava/lang/Object;+8
j  org.gradle.internal.work.DefaultWorkerLeaseService.withReplacedLocks(Ljava/util/Collection;Lorg/gradle/internal/resources/ResourceLock;Lorg/gradle/internal/Factory;)Ljava/lang/Object;+40
j  org.gradle.api.internal.project.DefaultProjectStateRegistry$ProjectStateImpl.fromMutableState(Ljava/util/function/Function;)Ljava/lang/Object;+132
j  org.gradle.api.internal.project.DefaultProjectStateRegistry$ProjectStateImpl.applyToMutableState(Ljava/util/function/Consumer;)V+7
j  org.gradle.configuration.project.LifecycleProjectEvaluator$EvaluateProject.run(Lorg/gradle/internal/operations/BuildOperationContext;)V+16
j  org.gradle.internal.operations.DefaultBuildOperationRunner$1.execute(Lorg/gradle/internal/operations/RunnableBuildOperation;Lorg/gradle/internal/operations/BuildOperationContext;)V+2
j  org.gradle.internal.operations.DefaultBuildOperationRunner$1.execute(Lorg/gradle/internal/operations/BuildOperation;Lorg/gradle/internal/operations/BuildOperationContext;)V+6
j  org.gradle.internal.operations.DefaultBuildOperationRunner$2.execute(Lorg/gradle/internal/operations/BuildOperationDescriptor;Lorg/gradle/internal/operations/BuildOperationState;Lorg/gradle/internal/operations/BuildOperationState;Lorg/gradle/internal/operations/DefaultBuildOperationRunner$ReadableBuildOperationContext;Lorg/gradle/internal/operations/DefaultBuildOperationRunner$BuildOperationExecutionListener;)Lorg/gradle/internal/operations/BuildOperation;+22
j  org.gradle.internal.operations.DefaultBuildOperationRunner$2.execute(Lorg/gradle/internal/operations/BuildOperationDescriptor;Lorg/gradle/internal/operations/BuildOperationState;Lorg/gradle/internal/operations/BuildOperationState;Lorg/gradle/internal/operations/DefaultBuildOperationRunner$ReadableBuildOperationContext;Lorg/gradle/internal/operations/DefaultBuildOperationRunner$BuildOperationExecutionListener;)Ljava/lang/Object;+8
j  org.gradle.internal.operations.DefaultBuildOperationRunner.execute(Lorg/gradle/internal/operations/BuildOperationDescriptor$Builder;Lorg/gradle/internal/operations/BuildOperationState;Lorg/gradle/internal/operations/DefaultBuildOperationRunner$BuildOperationExecution;)Ljava/lang/Object;+141
j  org.gradle.internal.operations.DefaultBuildOperationRunner.execute(Lorg/gradle/internal/operations/BuildOperation;Lorg/gradle/internal/operations/BuildOperationWorker;Lorg/gradle/internal/operations/BuildOperationState;)V+18
j  org.gradle.internal.operations.DefaultBuildOperationRunner.run(Lorg/gradle/internal/operations/RunnableBuildOperation;)V+9
j  org.gradle.internal.operations.DefaultBuildOperationExecutor.run(Lorg/gradle/internal/operations/RunnableBuildOperation;)V+5
j  org.gradle.configuration.project.LifecycleProjectEvaluator.evaluate(Lorg/gradle/api/internal/project/ProjectInternal;Lorg/gradle/api/internal/project/ProjectStateInternal;)V+42
j  org.gradle.api.internal.project.DefaultProject.evaluate()Lorg/gradle/api/internal/project/DefaultProject;+9
j  org.gradle.api.internal.project.DefaultProject.evaluate()Lorg/gradle/api/Project;+1
j  org.gradle.api.internal.project.ProjectLifecycleController.lambda$ensureSelfConfigured$2()V+4
j  org.gradle.api.internal.project.ProjectLifecycleController$$Lambda$694+0x000000080154b8c0.run()V+4
j  org.gradle.internal.model.StateTransitionController.lambda$doTransition$14(Ljava/lang/Runnable;)Lorg/gradle/internal/build/ExecutionResult;+1
j  org.gradle.internal.model.StateTransitionController$$Lambda$282+0x0000000801302b40.get()Ljava/lang/Object;+4
j  org.gradle.internal.model.StateTransitionController.doTransition(Lorg/gradle/internal/model/StateTransitionController$State;Lorg/gradle/internal/model/StateTransitionController$State;Ljava/util/function/Supplier;)Lorg/gradle/internal/build/ExecutionResult;+24
j  org.gradle.internal.model.StateTransitionController.doTransition(Lorg/gradle/internal/model/StateTransitionController$State;Lorg/gradle/internal/model/StateTransitionController$State;Ljava/lang/Runnable;)V+9
j  org.gradle.internal.model.StateTransitionController.lambda$maybeTransitionIfNotCurrentlyTransitioning$10(Lorg/gradle/internal/model/StateTransitionController$State;Lorg/gradle/internal/model/StateTransitionController$State;Ljava/lang/Runnable;)V+16
j  org.gradle.internal.model.StateTransitionController$$Lambda$695+0x000000080154bae8.run()V+16
j  org.gradle.internal.work.DefaultSynchronizer.withLock(Ljava/lang/Runnable;)V+6
j  org.gradle.internal.model.StateTransitionController.maybeTransitionIfNotCurrentlyTransitioning(Lorg/gradle/internal/model/StateTransitionController$State;Lorg/gradle/internal/model/StateTransitionController$State;Ljava/lang/Runnable;)V+13
j  org.gradle.api.internal.project.ProjectLifecycleController.ensureSelfConfigured()V+16
j  org.gradle.api.internal.project.DefaultProjectStateRegistry$ProjectStateImpl.ensureConfigured()V+19
j  org.gradle.execution.TaskPathProjectEvaluator.configure(Lorg/gradle/api/internal/project/ProjectInternal;)V+6
j  org.gradle.execution.TaskPathProjectEvaluator.configureHierarchy(Lorg/gradle/api/internal/project/ProjectInternal;)V+2
j  org.gradle.configuration.DefaultProjectsPreparer.prepareProjects(Lorg/gradle/api/internal/GradleInternal;)V+29
j  org.gradle.configuration.BuildTreePreparingProjectsPreparer.prepareProjects(Lorg/gradle/api/internal/GradleInternal;)V+114
j  org.gradle.configuration.BuildOperationFiringProjectsPreparer$ConfigureBuild.run(Lorg/gradle/internal/operations/BuildOperationContext;)V+11
j  org.gradle.internal.operations.DefaultBuildOperationRunner$1.execute(Lorg/gradle/internal/operations/RunnableBuildOperation;Lorg/gradle/internal/operations/BuildOperationContext;)V+2
j  org.gradle.internal.operations.DefaultBuildOperationRunner$1.execute(Lorg/gradle/internal/operations/BuildOperation;Lorg/gradle/internal/operations/BuildOperationContext;)V+6
j  org.gradle.internal.operations.DefaultBuildOperationRunner$2.execute(Lorg/gradle/internal/operations/BuildOperationDescriptor;Lorg/gradle/internal/operations/BuildOperationState;Lorg/gradle/internal/operations/BuildOperationState;Lorg/gradle/internal/operations/DefaultBuildOperationRunner$ReadableBuildOperationContext;Lorg/gradle/internal/operations/DefaultBuildOperationRunner$BuildOperationExecutionListener;)Lorg/gradle/internal/operations/BuildOperation;+22
j  org.gradle.internal.operations.DefaultBuildOperationRunner$2.execute(Lorg/gradle/internal/operations/BuildOperationDescriptor;Lorg/gradle/internal/operations/BuildOperationState;Lorg/gradle/internal/operations/BuildOperationState;Lorg/gradle/internal/operations/DefaultBuildOperationRunner$ReadableBuildOperationContext;Lorg/gradle/internal/operations/DefaultBuildOperationRunner$BuildOperationExecutionListener;)Ljava/lang/Object;+8
j  org.gradle.internal.operations.DefaultBuildOperationRunner.execute(Lorg/gradle/internal/operations/BuildOperationDescriptor$Builder;Lorg/gradle/internal/operations/BuildOperationState;Lorg/gradle/internal/operations/DefaultBuildOperationRunner$BuildOperationExecution;)Ljava/lang/Object;+141
j  org.gradle.internal.operations.DefaultBuildOperationRunner.execute(Lorg/gradle/internal/operations/BuildOperation;Lorg/gradle/internal/operations/BuildOperationWorker;Lorg/gradle/internal/operations/BuildOperationState;)V+18
j  org.gradle.internal.operations.DefaultBuildOperationRunner.run(Lorg/gradle/internal/operations/RunnableBuildOperation;)V+9
j  org.gradle.internal.operations.DefaultBuildOperationExecutor.run(Lorg/gradle/internal/operations/RunnableBuildOperation;)V+5
j  org.gradle.configuration.BuildOperationFiringProjectsPreparer.prepareProjects(Lorg/gradle/api/internal/GradleInternal;)V+13
j  org.gradle.initialization.VintageBuildModelController.lambda$prepareProjects$2()V+8
j  org.gradle.initialization.VintageBuildModelController$$Lambda$676+0x0000000801531718.run()V+4
j  org.gradle.internal.model.StateTransitionController.lambda$doTransition$14(Ljava/lang/Runnable;)Lorg/gradle/internal/build/ExecutionResult;+1
j  org.gradle.internal.model.StateTransitionController$$Lambda$282+0x0000000801302b40.get()Ljava/lang/Object;+4
j  org.gradle.internal.model.StateTransitionController.doTransition(Lorg/gradle/internal/model/StateTransitionController$State;Lorg/gradle/internal/model/StateTransitionController$State;Ljava/util/function/Supplier;)Lorg/gradle/internal/build/ExecutionResult;+24
j  org.gradle.internal.model.StateTransitionController.doTransition(Lorg/gradle/internal/model/StateTransitionController$State;Lorg/gradle/internal/model/StateTransitionController$State;Ljava/lang/Runnable;)V+9
j  org.gradle.internal.model.StateTransitionController.lambda$transitionIfNotPreviously$11(Lorg/gradle/internal/model/StateTransitionController$State;Lorg/gradle/internal/model/StateTransitionController$State;Ljava/lang/Runnable;)V+16
j  org.gradle.internal.model.StateTransitionController$$Lambda$284+0x0000000801302f90.run()V+16
j  org.gradle.internal.work.DefaultSynchronizer.withLock(Ljava/lang/Runnable;)V+6
j  org.gradle.internal.model.StateTransitionController.transitionIfNotPreviously(Lorg/gradle/internal/model/StateTransitionController$State;Lorg/gradle/internal/model/StateTransitionController$State;Ljava/lang/Runnable;)V+13
j  org.gradle.initialization.VintageBuildModelController.prepareProjects()V+16
j  org.gradle.initialization.VintageBuildModelController.prepareToScheduleTasks()V+5
j  org.gradle.internal.build.DefaultBuildLifecycleController.lambda$prepareToScheduleTasks$6()V+9
j  org.gradle.internal.build.DefaultBuildLifecycleController$$Lambda$280+0x00000008013026f0.run()V+4
j  org.gradle.internal.model.StateTransitionController.lambda$doTransition$14(Ljava/lang/Runnable;)Lorg/gradle/internal/build/ExecutionResult;+1
j  org.gradle.internal.model.StateTransitionController$$Lambda$282+0x0000000801302b40.get()Ljava/lang/Object;+4
j  org.gradle.internal.model.StateTransitionController.doTransition(Lorg/gradle/internal/model/StateTransitionController$State;Lorg/gradle/internal/model/StateTransitionController$State;Ljava/util/function/Supplier;)Lorg/gradle/internal/build/ExecutionResult;+24
j  org.gradle.internal.model.StateTransitionController.doTransition(Lorg/gradle/internal/model/StateTransitionController$State;Lorg/gradle/internal/model/StateTransitionController$State;Ljava/lang/Runnable;)V+9
j  org.gradle.internal.model.StateTransitionController.lambda$maybeTransition$9(Lorg/gradle/internal/model/StateTransitionController$State;Lorg/gradle/internal/model/StateTransitionController$State;Ljava/lang/Runnable;)V+16
j  org.gradle.internal.model.StateTransitionController$$Lambda$281+0x0000000801302918.run()V+16
j  org.gradle.internal.work.DefaultSynchronizer.withLock(Ljava/lang/Runnable;)V+6
j  org.gradle.internal.model.StateTransitionController.maybeTransition(Lorg/gradle/internal/model/StateTransitionController$State;Lorg/gradle/internal/model/StateTransitionController$State;Ljava/lang/Runnable;)V+13
j  org.gradle.internal.build.DefaultBuildLifecycleController.prepareToScheduleTasks()V+16
j  org.gradle.internal.buildtree.DefaultBuildTreeWorkPreparer.scheduleRequestedTasks(Lorg/gradle/internal/buildtree/BuildTreeWorkGraph;Lorg/gradle/execution/EntryTaskSelector;)Lorg/gradle/internal/buildtree/BuildTreeWorkGraph$FinalizedGraph;+4
j  org.gradle.configurationcache.VintageBuildTreeWorkController$scheduleAndRunRequestedTasks$1.apply(Lorg/gradle/internal/buildtree/BuildTreeWorkGraph;)Lorg/gradle/internal/build/ExecutionResult;+18
j  org.gradle.configurationcache.VintageBuildTreeWorkController$scheduleAndRunRequestedTasks$1.apply(Ljava/lang/Object;)Ljava/lang/Object;+5
j  org.gradle.composite.internal.DefaultIncludedBuildTaskGraph.withNewWorkGraph(Ljava/util/function/Function;)Ljava/lang/Object;+30
j  org.gradle.configurationcache.VintageBuildTreeWorkController.scheduleAndRunRequestedTasks(Lorg/gradle/execution/EntryTaskSelector;)Lorg/gradle/internal/build/ExecutionResult;+16
j  org.gradle.internal.buildtree.DefaultBuildTreeLifecycleController.lambda$scheduleAndRunTasks$1(Lorg/gradle/execution/EntryTaskSelector;)Lorg/gradle/internal/build/ExecutionResult;+5
j  org.gradle.internal.buildtree.DefaultBuildTreeLifecycleController$$Lambda$275+0x0000000801301850.get()Ljava/lang/Object;+8
j  org.gradle.internal.buildtree.DefaultBuildTreeLifecycleController.lambda$runBuild$4(Ljava/util/function/Supplier;)Ljava/lang/Object;+1
j  org.gradle.internal.buildtree.DefaultBuildTreeLifecycleController$$Lambda$276+0x0000000801301a78.get()Ljava/lang/Object;+8
j  org.gradle.internal.model.StateTransitionController.lambda$transition$6(Ljava/util/function/Supplier;)Lorg/gradle/internal/build/ExecutionResult;+1
j  org.gradle.internal.model.StateTransitionController$$Lambda$278+0x0000000801301ec8.get()Ljava/lang/Object;+4
j  org.gradle.internal.model.StateTransitionController.doTransition(Lorg/gradle/internal/model/StateTransitionController$State;Lorg/gradle/internal/model/StateTransitionController$State;Ljava/util/function/Supplier;)Lorg/gradle/internal/build/ExecutionResult;+24
j  org.gradle.internal.model.StateTransitionController.lambda$transition$7(Lorg/gradle/internal/model/StateTransitionController$State;Lorg/gradle/internal/model/StateTransitionController$State;Ljava/util/function/Supplier;)Ljava/lang/Object;+9
j  org.gradle.internal.model.StateTransitionController$$Lambda$277+0x0000000801301ca0.create()Ljava/lang/Object;+16
j  org.gradle.internal.work.DefaultSynchronizer.withLock(Lorg/gradle/internal/Factory;)Ljava/lang/Object;+6
j  org.gradle.internal.model.StateTransitionController.transition(Lorg/gradle/internal/model/StateTransitionController$State;Lorg/gradle/internal/model/StateTransitionController$State;Ljava/util/function/Supplier;)Ljava/lang/Object;+13
j  org.gradle.internal.buildtree.DefaultBuildTreeLifecycleController.runBuild(Ljava/util/function/Supplier;)Ljava/lang/Object;+17
j  org.gradle.internal.buildtree.DefaultBuildTreeLifecycleController.scheduleAndRunTasks(Lorg/gradle/execution/EntryTaskSelector;)V+8
j  org.gradle.internal.buildtree.DefaultBuildTreeLifecycleController.scheduleAndRunTasks()V+2
j  org.gradle.tooling.internal.provider.runner.BuildModelActionRunner.run(Lorg/gradle/internal/invocation/BuildAction;Lorg/gradle/internal/buildtree/BuildTreeLifecycleController;)Lorg/gradle/internal/buildtree/BuildActionRunner$Result;+65
j  org.gradle.launcher.exec.ChainingBuildActionRunner.run(Lorg/gradle/internal/invocation/BuildAction;Lorg/gradle/internal/buildtree/BuildTreeLifecycleController;)Lorg/gradle/internal/buildtree/BuildActionRunner$Result;+34
j  org.gradle.internal.buildtree.ProblemReportingBuildActionRunner.run(Lorg/gradle/internal/invocation/BuildAction;Lorg/gradle/internal/buildtree/BuildTreeLifecycleController;)Lorg/gradle/internal/buildtree/BuildActionRunner$Result;+12
j  org.gradle.launcher.exec.BuildOutcomeReportingBuildActionRunner.run(Lorg/gradle/internal/invocation/BuildAction;Lorg/gradle/internal/buildtree/BuildTreeLifecycleController;)Lorg/gradle/internal/buildtree/BuildActionRunner$Result;+69
j  org.gradle.tooling.internal.provider.FileSystemWatchingBuildActionRunner.run(Lorg/gradle/internal/invocation/BuildAction;Lorg/gradle/internal/buildtree/BuildTreeLifecycleController;)Lorg/gradle/internal/buildtree/BuildActionRunner$Result;+335
j  org.gradle.launcher.exec.BuildCompletionNotifyingBuildActionRunner.run(Lorg/gradle/internal/invocation/BuildAction;Lorg/gradle/internal/buildtree/BuildTreeLifecycleController;)Lorg/gradle/internal/buildtree/BuildActionRunner$Result;+6
j  org.gradle.launcher.exec.RootBuildLifecycleBuildActionExecutor.lambda$execute$0(Lorg/gradle/internal/invocation/BuildAction;Lorg/gradle/internal/buildtree/BuildTreeLifecycleController;)Lorg/gradle/internal/buildtree/BuildActionRunner$Result;+6
j  org.gradle.launcher.exec.RootBuildLifecycleBuildActionExecutor$$Lambda$232+0x00000008012e5680.apply(Ljava/lang/Object;)Ljava/lang/Object;+12
j  org.gradle.composite.internal.DefaultRootBuildState.run(Ljava/util/function/Function;)Ljava/lang/Object;+87
j  org.gradle.launcher.exec.RootBuildLifecycleBuildActionExecutor.execute(Lorg/gradle/internal/invocation/BuildAction;Lorg/gradle/internal/buildtree/BuildTreeContext;)Lorg/gradle/internal/buildtree/BuildActionRunner$Result;+28
j  org.gradle.internal.buildtree.InitDeprecationLoggingActionExecutor.execute(Lorg/gradle/internal/invocation/BuildAction;Lorg/gradle/internal/buildtree/BuildTreeContext;)Lorg/gradle/internal/buildtree/BuildActionRunner$Result;+83
j  org.gradle.internal.buildtree.InitProblems.execute(Lorg/gradle/internal/invocation/BuildAction;Lorg/gradle/internal/buildtree/BuildTreeContext;)Lorg/gradle/internal/buildtree/BuildActionRunner$Result;+13
j  org.gradle.internal.buildtree.DefaultBuildTreeContext.execute(Lorg/gradle/internal/invocation/BuildAction;)Lorg/gradle/internal/buildtree/BuildActionRunner$Result;+64
j  org.gradle.launcher.exec.BuildTreeLifecycleBuildActionExecutor.lambda$execute$0(Lorg/gradle/internal/invocation/BuildAction;Lorg/gradle/internal/buildtree/BuildTreeContext;)Lorg/gradle/internal/buildtree/BuildActionRunner$Result;+2
j  org.gradle.launcher.exec.BuildTreeLifecycleBuildActionExecutor$$Lambda$184+0x0000000801241ad8.apply(Ljava/lang/Object;)Ljava/lang/Object;+8
j  org.gradle.internal.buildtree.BuildTreeState.run(Ljava/util/function/Function;)Ljava/lang/Object;+45
j  org.gradle.launcher.exec.BuildTreeLifecycleBuildActionExecutor.execute(Lorg/gradle/internal/invocation/BuildAction;Lorg/gradle/internal/session/BuildSessionContext;)Lorg/gradle/internal/buildtree/BuildActionRunner$Result;+181
j  org.gradle.launcher.exec.RunAsBuildOperationBuildActionExecutor$3.call(Lorg/gradle/internal/operations/BuildOperationContext;)Lorg/gradle/internal/buildtree/BuildActionRunner$Result;+25
j  org.gradle.launcher.exec.RunAsBuildOperationBuildActionExecutor$3.call(Lorg/gradle/internal/operations/BuildOperationContext;)Ljava/lang/Object;+2
j  org.gradle.internal.operations.DefaultBuildOperationRunner$CallableBuildOperationWorker.execute(Lorg/gradle/internal/operations/CallableBuildOperation;Lorg/gradle/internal/operations/BuildOperationContext;)V+3
j  org.gradle.internal.operations.DefaultBuildOperationRunner$CallableBuildOperationWorker.execute(Lorg/gradle/internal/operations/BuildOperation;Lorg/gradle/internal/operations/BuildOperationContext;)V+6
j  org.gradle.internal.operations.DefaultBuildOperationRunner$2.execute(Lorg/gradle/internal/operations/BuildOperationDescriptor;Lorg/gradle/internal/operations/BuildOperationState;Lorg/gradle/internal/operations/BuildOperationState;Lorg/gradle/internal/operations/DefaultBuildOperationRunner$ReadableBuildOperationContext;Lorg/gradle/internal/operations/DefaultBuildOperationRunner$BuildOperationExecutionListener;)Lorg/gradle/internal/operations/BuildOperation;+22
j  org.gradle.internal.operations.DefaultBuildOperationRunner$2.execute(Lorg/gradle/internal/operations/BuildOperationDescriptor;Lorg/gradle/internal/operations/BuildOperationState;Lorg/gradle/internal/operations/BuildOperationState;Lorg/gradle/internal/operations/DefaultBuildOperationRunner$ReadableBuildOperationContext;Lorg/gradle/internal/operations/DefaultBuildOperationRunner$BuildOperationExecutionListener;)Ljava/lang/Object;+8
j  org.gradle.internal.operations.DefaultBuildOperationRunner.execute(Lorg/gradle/internal/operations/BuildOperationDescriptor$Builder;Lorg/gradle/internal/operations/BuildOperationState;Lorg/gradle/internal/operations/DefaultBuildOperationRunner$BuildOperationExecution;)Ljava/lang/Object;+141
j  org.gradle.internal.operations.DefaultBuildOperationRunner.execute(Lorg/gradle/internal/operations/BuildOperation;Lorg/gradle/internal/operations/BuildOperationWorker;Lorg/gradle/internal/operations/BuildOperationState;)V+18
j  org.gradle.internal.operations.DefaultBuildOperationRunner.call(Lorg/gradle/internal/operations/CallableBuildOperation;)Ljava/lang/Object;+16
j  org.gradle.internal.operations.DefaultBuildOperationExecutor.call(Lorg/gradle/internal/operations/CallableBuildOperation;)Ljava/lang/Object;+5
j  org.gradle.launcher.exec.RunAsBuildOperationBuildActionExecutor.execute(Lorg/gradle/internal/invocation/BuildAction;Lorg/gradle/internal/session/BuildSessionContext;)Lorg/gradle/internal/buildtree/BuildActionRunner$Result;+23
j  org.gradle.launcher.exec.RunAsWorkerThreadBuildActionExecutor.lambda$execute$0(Lorg/gradle/internal/invocation/BuildAction;Lorg/gradle/internal/session/BuildSessionContext;)Lorg/gradle/internal/buildtree/BuildActionRunner$Result;+6
j  org.gradle.launcher.exec.RunAsWorkerThreadBuildActionExecutor$$Lambda$181+0x0000000801220000.create()Ljava/lang/Object;+12
j  org.gradle.internal.work.DefaultWorkerLeaseService.withLocks(Ljava/util/Collection;Lorg/gradle/internal/Factory;)Ljava/lang/Object;+28
j  org.gradle.internal.work.DefaultWorkerLeaseService.runAsWorkerThread(Lorg/gradle/internal/Factory;)Ljava/lang/Object;+33
j  org.gradle.launcher.exec.RunAsWorkerThreadBuildActionExecutor.execute(Lorg/gradle/internal/invocation/BuildAction;Lorg/gradle/internal/session/BuildSessionContext;)Lorg/gradle/internal/buildtree/BuildActionRunner$Result;+12
j  org.gradle.tooling.internal.provider.continuous.ContinuousBuildActionExecutor.execute(Lorg/gradle/internal/invocation/BuildAction;Lorg/gradle/internal/session/BuildSessionContext;)Lorg/gradle/internal/buildtree/BuildActionRunner$Result;+58
j  org.gradle.tooling.internal.provider.SubscribableBuildActionExecutor.execute(Lorg/gradle/internal/invocation/BuildAction;Lorg/gradle/internal/session/BuildSessionContext;)Lorg/gradle/internal/buildtree/BuildActionRunner$Result;+30
j  org.gradle.internal.session.DefaultBuildSessionContext.execute(Lorg/gradle/internal/invocation/BuildAction;)Lorg/gradle/internal/buildtree/BuildActionRunner$Result;+64
j  org.gradle.tooling.internal.provider.BuildSessionLifecycleBuildActionExecuter$ActionImpl.apply(Lorg/gradle/internal/session/BuildSessionContext;)Lorg/gradle/launcher/exec/BuildActionResult;+6
j  org.gradle.tooling.internal.provider.BuildSessionLifecycleBuildActionExecuter$ActionImpl.apply(Ljava/lang/Object;)Ljava/lang/Object;+5
j  org.gradle.internal.session.BuildSessionState.run(Ljava/util/function/Function;)Ljava/lang/Object;+5
j  org.gradle.tooling.internal.provider.BuildSessionLifecycleBuildActionExecuter.execute(Lorg/gradle/internal/invocation/BuildAction;Lorg/gradle/launcher/exec/BuildActionParameters;Lorg/gradle/initialization/BuildRequestContext;)Lorg/gradle/launcher/exec/BuildActionResult;+95
j  org.gradle.tooling.internal.provider.BuildSessionLifecycleBuildActionExecuter.execute(Lorg/gradle/internal/invocation/BuildAction;Ljava/lang/Object;Ljava/lang/Object;)Lorg/gradle/launcher/exec/BuildActionResult;+10
j  org.gradle.tooling.internal.provider.StartParamsValidatingActionExecuter.execute(Lorg/gradle/internal/invocation/BuildAction;Lorg/gradle/launcher/exec/BuildActionParameters;Lorg/gradle/initialization/BuildRequestContext;)Lorg/gradle/launcher/exec/BuildActionResult;+203
j  org.gradle.tooling.internal.provider.StartParamsValidatingActionExecuter.execute(Lorg/gradle/internal/invocation/BuildAction;Ljava/lang/Object;Ljava/lang/Object;)Lorg/gradle/launcher/exec/BuildActionResult;+10
j  org.gradle.tooling.internal.provider.SessionFailureReportingActionExecuter.execute(Lorg/gradle/internal/invocation/BuildAction;Lorg/gradle/launcher/exec/BuildActionParameters;Lorg/gradle/initialization/BuildRequestContext;)Lorg/gradle/launcher/exec/BuildActionResult;+7
j  org.gradle.tooling.internal.provider.SessionFailureReportingActionExecuter.execute(Lorg/gradle/internal/invocation/BuildAction;Ljava/lang/Object;Ljava/lang/Object;)Lorg/gradle/launcher/exec/BuildActionResult;+10
j  org.gradle.tooling.internal.provider.SetupLoggingActionExecuter.execute(Lorg/gradle/internal/invocation/BuildAction;Lorg/gradle/launcher/exec/BuildActionParameters;Lorg/gradle/initialization/BuildRequestContext;)Lorg/gradle/launcher/exec/BuildActionResult;+50
j  org.gradle.tooling.internal.provider.SetupLoggingActionExecuter.execute(Lorg/gradle/internal/invocation/BuildAction;Ljava/lang/Object;Ljava/lang/Object;)Lorg/gradle/launcher/exec/BuildActionResult;+10
j  org.gradle.launcher.daemon.server.exec.ExecuteBuild.doBuild(Lorg/gradle/launcher/daemon/server/api/DaemonCommandExecution;Lorg/gradle/launcher/daemon/protocol/Build;)V+117
j  org.gradle.launcher.daemon.server.exec.BuildCommandOnly.execute(Lorg/gradle/launcher/daemon/server/api/DaemonCommandExecution;)V+49
j  org.gradle.launcher.daemon.server.api.DaemonCommandExecution.proceed()Z+23
j  org.gradle.launcher.daemon.server.exec.WatchForDisconnection.execute(Lorg/gradle/launcher/daemon/server/api/DaemonCommandExecution;)V+19
j  org.gradle.launcher.daemon.server.api.DaemonCommandExecution.proceed()Z+23
j  org.gradle.launcher.daemon.server.exec.ResetDeprecationLogger.execute(Lorg/gradle/launcher/daemon/server/api/DaemonCommandExecution;)V+7
j  org.gradle.launcher.daemon.server.api.DaemonCommandExecution.proceed()Z+23
j  org.gradle.launcher.daemon.server.exec.RequestStopIfSingleUsedDaemon.execute(Lorg/gradle/launcher/daemon/server/api/DaemonCommandExecution;)V+33
j  org.gradle.launcher.daemon.server.api.DaemonCommandExecution.proceed()Z+23
j  org.gradle.launcher.daemon.server.exec.ForwardClientInput$2.create()Ljava/lang/Void;+4
j  org.gradle.launcher.daemon.server.exec.ForwardClientInput$2.create()Ljava/lang/Object;+1
j  org.gradle.util.internal.Swapper.swap(Ljava/lang/Object;Lorg/gradle/internal/Factory;)Ljava/lang/Object;+21
j  org.gradle.launcher.daemon.server.exec.ForwardClientInput.execute(Lorg/gradle/launcher/daemon/server/api/DaemonCommandExecution;)V+63
j  org.gradle.launcher.daemon.server.api.DaemonCommandExecution.proceed()Z+23
j  org.gradle.launcher.daemon.server.exec.LogAndCheckHealth.execute(Lorg/gradle/launcher/daemon/server/api/DaemonCommandExecution;)V+51
j  org.gradle.launcher.daemon.server.api.DaemonCommandExecution.proceed()Z+23
j  org.gradle.launcher.daemon.server.exec.LogToClient.doBuild(Lorg/gradle/launcher/daemon/server/api/DaemonCommandExecution;Lorg/gradle/launcher/daemon/protocol/Build;)V+87
j  org.gradle.launcher.daemon.server.exec.BuildCommandOnly.execute(Lorg/gradle/launcher/daemon/server/api/DaemonCommandExecution;)V+49
j  org.gradle.launcher.daemon.server.api.DaemonCommandExecution.proceed()Z+23
j  org.gradle.launcher.daemon.server.exec.EstablishBuildEnvironment.doBuild(Lorg/gradle/launcher/daemon/server/api/DaemonCommandExecution;Lorg/gradle/launcher/daemon/protocol/Build;)V+356
j  org.gradle.launcher.daemon.server.exec.BuildCommandOnly.execute(Lorg/gradle/launcher/daemon/server/api/DaemonCommandExecution;)V+49
j  org.gradle.launcher.daemon.server.api.DaemonCommandExecution.proceed()Z+23
j  org.gradle.launcher.daemon.server.exec.StartBuildOrRespondWithBusy$1.run()V+44
j  org.gradle.launcher.daemon.server.DaemonStateCoordinator$1.run()V+4
j  org.gradle.internal.concurrent.ExecutorPolicy$CatchAndRecordFailures.onExecute(Ljava/lang/Runnable;)V+1
j  org.gradle.internal.concurrent.AbstractManagedExecutor$1.run()V+25
j  java.util.concurrent.ThreadPoolExecutor.runWorker(Ljava/util/concurrent/ThreadPoolExecutor$Worker;)V+92 java.base@17.0.10
j  java.util.concurrent.ThreadPoolExecutor$Worker.run()V+5 java.base@17.0.10
j  java.lang.Thread.run()V+11 java.base@17.0.10
v  ~StubRoutines::call_stub

siginfo: si_signo: 10 (SIGBUS), si_code: 1 (BUS_ADRALN), si_addr: 0x000000010d392858

Registers:
 x0=0x0000000104e6d5b0  x1=0x000000010d392710  x2=0x0000000104b943fc  x3=0x0000000000000001
 x4=0x00000001796729e8  x5=0x0000000000000010  x6=0x0000000000000da4  x7=0x0000000000000002
 x8=0x0000000104e98000  x9=0x00000000000001e0 x10=0x0000000102d78000 x11=0x000000000000d1ce
x12=0x000000000000d1ce x13=0x0000000000000000 x14=0x000000000000007a x15=0x0000000179672678
x16=0x0c00000000000000 x17=0x0000600003589110 x18=0x0000000000000000 x19=0x000000010d392710
x20=0x0000000143bc0600 x21=0x0000000179671bf0 x22=0x0000000104e97f78 x23=0x0000000000000000
x24=0x00000000ffff2155 x25=0x0000000104e59000 x26=0x0000000143bc08b0 x27=0x000000016f1b2d38
x28=0x0000000143bc0600  fp=0x0000000179671bb0  lr=0x0000000104bd4e80  sp=0x0000000179671ba0
pc=0x0000000104b94418 cpsr=0x0000000020001000

Register to memory mapping:

 x0=0x0000000104e6d5b0: _ZL23mark_activation_closure+0 in /Users/andrewyin/Library/Java/JavaVirtualMachines/corretto-17.0.10/Contents/Home/lib/server/libjvm.dylib at 0x00000001041fc000
 x1=0x000000010d392710 is at entry_point+-944 in (nmethod*)0x000000010d392710
Compiled method (c1)    2073 3305   !   3       java.util.regex.Pattern::<init> (144 bytes)
 total in heap  [0x000000010d392710,0x000000010d3941f0] = 6880
 relocation     [0x000000010d392868,0x000000010d392ab8] = 592
 main code      [0x000000010d392ac0,0x000000010d3939c0] = 3840
 stub code      [0x000000010d3939c0,0x000000010d393bb8] = 504
 oops           [0x000000010d393bb8,0x000000010d393bd8] = 32
 metadata       [0x000000010d393bd8,0x000000010d393d10] = 312
 scopes data    [0x000000010d393d10,0x000000010d393f40] = 560
 scopes pcs     [0x000000010d393f40,0x000000010d3941a0] = 608
 dependencies   [0x000000010d3941a0,0x000000010d3941a8] = 8
 handler table  [0x000000010d3941a8,0x000000010d3941c0] = 24
 nul chk table  [0x000000010d3941c0,0x000000010d3941f0] = 48
 x2=0x0000000104b943fc: _ZN21MarkActivationClosure12do_code_blobEP8CodeBlob+0 in /Users/andrewyin/Library/Java/JavaVirtualMachines/corretto-17.0.10/Contents/Home/lib/server/libjvm.dylib at 0x00000001041fc000
 x3=0x0000000000000001 is an unknown value
 x4=0x00000001796729e8 is pointing into the stack for thread: 0x0000000143bc0600
 x5=0x0000000000000010 is an unknown value
 x6=0x0000000000000da4 is an unknown value
 x7=0x0000000000000002 is an unknown value
 x8=0x0000000104e98000: _ZN12StubRoutines17_atomic_add_entryE+0 in /Users/andrewyin/Library/Java/JavaVirtualMachines/corretto-17.0.10/Contents/Home/lib/server/libjvm.dylib at 0x00000001041fc000
 x9=0x00000000000001e0 is an unknown value
x10=0x0000000102d78000 points into unknown readable memory: 0x0006050403020100 | 00 01 02 03 04 05 06 00
x11=0x000000000000d1ce is an unknown value
x12=0x000000000000d1ce is an unknown value
x13=0x0 is NULL
x14=0x000000000000007a is an unknown value
x15=0x0000000179672678 is pointing into the stack for thread: 0x0000000143bc0600
x16=0x0c00000000000000 is an unknown value
x17=0x0000600003589110 points into unknown readable memory: 0xfffffffffffffffe | fe ff ff ff ff ff ff ff
x18=0x0 is NULL
x19=0x000000010d392710 is at entry_point+-944 in (nmethod*)0x000000010d392710
Compiled method (c1)    2073 3305   !   3       java.util.regex.Pattern::<init> (144 bytes)
 total in heap  [0x000000010d392710,0x000000010d3941f0] = 6880
 relocation     [0x000000010d392868,0x000000010d392ab8] = 592
 main code      [0x000000010d392ac0,0x000000010d3939c0] = 3840
 stub code      [0x000000010d3939c0,0x000000010d393bb8] = 504
 oops           [0x000000010d393bb8,0x000000010d393bd8] = 32
 metadata       [0x000000010d393bd8,0x000000010d393d10] = 312
 scopes data    [0x000000010d393d10,0x000000010d393f40] = 560
 scopes pcs     [0x000000010d393f40,0x000000010d3941a0] = 608
 dependencies   [0x000000010d3941a0,0x000000010d3941a8] = 8
 handler table  [0x000000010d3941a8,0x000000010d3941c0] = 24
 nul chk table  [0x000000010d3941c0,0x000000010d3941f0] = 48
x20=0x0000000143bc0600 is a thread
x21=0x0000000179671bf0 is pointing into the stack for thread: 0x0000000143bc0600
x22=0x0000000104e97f78: _ZN12StubRoutines25_call_stub_return_addressE+0 in /Users/andrewyin/Library/Java/JavaVirtualMachines/corretto-17.0.10/Contents/Home/lib/server/libjvm.dylib at 0x00000001041fc000
x23=0x0 is NULL
x24=0x00000000ffff2155 is an unknown value
x25=0x0000000104e59000: PerfDataSamplingInterval+0 in /Users/andrewyin/Library/Java/JavaVirtualMachines/corretto-17.0.10/Contents/Home/lib/server/libjvm.dylib at 0x00000001041fc000
x26=0x0000000143bc08b0 points into unknown readable memory: 0x0000000104e5aa60 | 60 aa e5 04 01 00 00 00
x27=0x000000016f1b2d38 is pointing into the stack for thread: 0x0000000127013600
x28=0x0000000143bc0600 is a thread


Top of Stack: (sp=0x0000000179671ba0)
0x0000000179671ba0:   0000000143bc0600 0000000104e6d5b0
0x0000000179671bb0:   0000000179672730 0000000104bd4e80
0x0000000179671bc0:   0000000179674640 000000010d3930e8
0x0000000179671bd0:   000000010d392710 0000000000000000
0x0000000179671be0:   00000001796747b0 0000000179674670
0x0000000179671bf0:   0000000000000000 0000000000000000
0x0000000179671c00:   0000000000000000 0000000000000000
0x0000000179671c10:   0000000000000000 0000000000000000
0x0000000179671c20:   0000000000000000 0000000000000000
0x0000000179671c30:   0000000000000000 0000000000000000
0x0000000179671c40:   0000000000000000 0000000000000000
0x0000000179671c50:   0000000000000000 0000000000000000
0x0000000179671c60:   0000000000000000 0000000000000000
0x0000000179671c70:   0000000000000000 0000000000000000
0x0000000179671c80:   0000000000000000 0000000000000000
0x0000000179671c90:   0000000000000000 0000000000000000
0x0000000179671ca0:   0000000000000000 0000000000000000
0x0000000179671cb0:   0000000000000000 0000000000000000
0x0000000179671cc0:   0000000000000000 0000000000000000
0x0000000179671cd0:   0000000000000000 0000000000000000
0x0000000179671ce0:   0000000000000000 0000000000000000
0x0000000179671cf0:   0000000000000000 0000000000000000
0x0000000179671d00:   0000000000000000 0000000000000000
0x0000000179671d10:   0000000000000000 0000000000000000
0x0000000179671d20:   0000000000000000 0000000000000000
0x0000000179671d30:   0000000000000000 0000000000000000
0x0000000179671d40:   0000000000000000 0000000000000000
0x0000000179671d50:   0000000000000000 0000000000000000
0x0000000179671d60:   0000000000000000 0000000000000000
0x0000000179671d70:   0000000000000000 0000000000000000
0x0000000179671d80:   0000000000000000 0000000000000000
0x0000000179671d90:   0000000000000000 0000000000000000 

Instructions: (pc=0x0000000104b94418)
0x0000000104b94318:   cb b3 f9 97 f3 03 00 aa 08 18 00 d0 1f 20 03 d5
0x0000000104b94328:   08 61 45 f9 9f 02 00 f1 14 01 94 9a c1 0d 00 b0
0x0000000104b94338:   21 dc 35 91 e0 03 14 aa cf a8 f9 97 28 18 00 90
0x0000000104b94348:   00 d5 43 fd 00 d8 61 5e 08 90 d0 d2 c8 25 e8 f2
0x0000000104b94358:   01 01 67 9e 00 18 61 1e e0 03 00 fd c1 0d 00 b0
0x0000000104b94368:   21 58 36 91 e0 03 14 aa c3 a8 f9 97 28 18 00 90
0x0000000104b94378:   08 b1 43 f9 e8 03 00 f9 c1 0d 00 b0 21 0c 37 91
0x0000000104b94388:   e0 03 14 aa bc a8 f9 97 28 18 00 90 08 c9 43 f9
0x0000000104b94398:   29 18 00 90 29 cd 43 f9 e8 27 00 a9 c1 0d 00 b0
0x0000000104b943a8:   21 a8 37 91 e0 03 14 aa b3 a8 f9 97 28 18 00 90
0x0000000104b943b8:   08 d1 43 f9 08 fd 4a d3 e8 03 00 f9 c1 0d 00 b0
0x0000000104b943c8:   21 a8 38 91 e0 03 14 aa ab a8 f9 97 e0 03 13 aa
0x0000000104b943d8:   fd 7b 42 a9 f4 4f 41 a9 ff c3 00 91 a8 b3 f9 17
0x0000000104b943e8:   fd 7b bf a9 fd 03 00 91 00 00 80 d2 fd 7b c1 a8
0x0000000104b943f8:   c0 03 5f d6 f4 4f be a9 fd 7b 01 a9 fd 43 00 91
0x0000000104b94408:   f3 03 01 aa 28 18 00 90 09 89 47 b9 69 01 00 34
0x0000000104b94418:   69 4a 01 b9 68 02 40 f9 08 41 40 f9 e0 03 13 aa
0x0000000104b94428:   00 01 3f d6 60 02 00 34 e0 03 13 aa fd 7b 41 a9
0x0000000104b94438:   f4 4f c2 a8 08 d6 f8 17 29 16 00 90 1f 20 03 d5
0x0000000104b94448:   29 a1 47 f9 2a fd 53 d3 4a 79 1f 12 3f 01 44 f1
0x0000000104b94458:   49 25 9f 1a 09 89 07 b9 69 4a 01 b9 68 02 40 f9
0x0000000104b94468:   08 41 40 f9 e0 03 13 aa 00 01 3f d6 e0 fd ff 35
0x0000000104b94478:   fd 7b 41 a9 f4 4f c2 a8 c0 03 5f d6 f4 4f be a9
0x0000000104b94488:   fd 7b 01 a9 fd 43 00 91 f3 03 01 aa f4 03 00 aa
0x0000000104b94498:   28 00 40 f9 08 21 40 f9 e0 03 01 aa 00 01 3f d6
0x0000000104b944a8:   c0 00 00 34 68 02 40 f9 08 29 40 f9 e0 03 13 aa
0x0000000104b944b8:   00 01 3f d6 80 00 00 36 fd 7b 41 a9 f4 4f c2 a8
0x0000000104b944c8:   c0 03 5f d6 81 0a 40 f9 68 02 40 f9 02 75 40 f9
0x0000000104b944d8:   e0 03 13 aa fd 7b 41 a9 f4 4f c2 a8 40 00 1f d6
0x0000000104b944e8:   fd 7b bf a9 fd 03 00 91 fd 7b c1 a8 0a 4c de 17
0x0000000104b944f8:   ff c3 01 d1 f6 57 04 a9 f4 4f 05 a9 fd 7b 06 a9
0x0000000104b94508:   fd 83 01 91 f3 03 04 aa f5 03 03 aa f4 03 00 aa 


Stack slot to memory mapping:
stack at sp + 0 slots: 0x0000000143bc0600 is a thread
stack at sp + 1 slots: 0x0000000104e6d5b0: _ZL23mark_activation_closure+0 in /Users/andrewyin/Library/Java/JavaVirtualMachines/corretto-17.0.10/Contents/Home/lib/server/libjvm.dylib at 0x00000001041fc000
stack at sp + 2 slots: 0x0000000179672730 is pointing into the stack for thread: 0x0000000143bc0600
stack at sp + 3 slots: 0x0000000104bd4e80: _ZN10JavaThread11nmethods_doEP15CodeBlobClosure+0xa8 in /Users/andrewyin/Library/Java/JavaVirtualMachines/corretto-17.0.10/Contents/Home/lib/server/libjvm.dylib at 0x00000001041fc000
stack at sp + 4 slots: 0x0000000179674640 is pointing into the stack for thread: 0x0000000143bc0600
stack at sp + 5 slots: 0x000000010d3930e8 is at entry_point+1576 in (nmethod*)0x000000010d392710
Compiled method (c1)    2075 3305   !   3       java.util.regex.Pattern::<init> (144 bytes)
 total in heap  [0x000000010d392710,0x000000010d3941f0] = 6880
 relocation     [0x000000010d392868,0x000000010d392ab8] = 592
 main code      [0x000000010d392ac0,0x000000010d3939c0] = 3840
 stub code      [0x000000010d3939c0,0x000000010d393bb8] = 504
 oops           [0x000000010d393bb8,0x000000010d393bd8] = 32
 metadata       [0x000000010d393bd8,0x000000010d393d10] = 312
 scopes data    [0x000000010d393d10,0x000000010d393f40] = 560
 scopes pcs     [0x000000010d393f40,0x000000010d3941a0] = 608
 dependencies   [0x000000010d3941a0,0x000000010d3941a8] = 8
 handler table  [0x000000010d3941a8,0x000000010d3941c0] = 24
 nul chk table  [0x000000010d3941c0,0x000000010d3941f0] = 48
stack at sp + 6 slots: 0x000000010d392710 is at entry_point+-944 in (nmethod*)0x000000010d392710
Compiled method (c1)    2075 3305   !   3       java.util.regex.Pattern::<init> (144 bytes)
 total in heap  [0x000000010d392710,0x000000010d3941f0] = 6880
 relocation     [0x000000010d392868,0x000000010d392ab8] = 592
 main code      [0x000000010d392ac0,0x000000010d3939c0] = 3840
 stub code      [0x000000010d3939c0,0x000000010d393bb8] = 504
 oops           [0x000000010d393bb8,0x000000010d393bd8] = 32
 metadata       [0x000000010d393bd8,0x000000010d393d10] = 312
 scopes data    [0x000000010d393d10,0x000000010d393f40] = 560
 scopes pcs     [0x000000010d393f40,0x000000010d3941a0] = 608
 dependencies   [0x000000010d3941a0,0x000000010d3941a8] = 8
 handler table  [0x000000010d3941a8,0x000000010d3941c0] = 24
 nul chk table  [0x000000010d3941c0,0x000000010d3941f0] = 48
stack at sp + 7 slots: 0x0 is NULL


Compiled method (c1)    2077 3305   !   3       java.util.regex.Pattern::<init> (144 bytes)
 total in heap  [0x000000010d392710,0x000000010d3941f0] = 6880
 relocation     [0x000000010d392868,0x000000010d392ab8] = 592
 main code      [0x000000010d392ac0,0x000000010d3939c0] = 3840
 stub code      [0x000000010d3939c0,0x000000010d393bb8] = 504
 oops           [0x000000010d393bb8,0x000000010d393bd8] = 32
 metadata       [0x000000010d393bd8,0x000000010d393d10] = 312
 scopes data    [0x000000010d393d10,0x000000010d393f40] = 560
 scopes pcs     [0x000000010d393f40,0x000000010d3941a0] = 608
 dependencies   [0x000000010d3941a0,0x000000010d3941a8] = 8
 handler table  [0x000000010d3941a8,0x000000010d3941c0] = 24
 nul chk table  [0x000000010d3941c0,0x000000010d3941f0] = 48

[Constant Pool (empty)]

[MachCode]
[Entry Point]
  # {method} {0x00000008000e4368} '<init>' '(Ljava/lang/String;I)V' in 'java/util/regex/Pattern'
  # this:     c_rarg1:c_rarg1 
                        = 'java/util/regex/Pattern'
  # parm0:    c_rarg2:c_rarg2 
                        = 'java/lang/String'
  # parm1:    c_rarg3   = int
  #           [sp+0xb0]  (sp of caller)
  0x000000010d392ac0: 2808 40b9 | 3f01 086b | c001 0054 

  0x000000010d392acc: ;   {runtime_call ic_miss_stub}
  0x000000010d392acc: 4d98 bb15 | 1f20 03d5 | 1f20 03d5 | 1f20 03d5 | 1f20 03d5 | 1f20 03d5 | 1f20 03d5 | 1f20 03d5 
  0x000000010d392aec: 1f20 03d5 | 1f20 03d5 | 1f20 03d5 | 1f20 03d5 | 1f20 03d5 
[Verified Entry Point]
  0x000000010d392b00: 1f20 03d5 | e953 40d1 | 3f01 00f9 | ffc3 02d1 | fd7b 0aa9 

  0x000000010d392b14: ;   {metadata(method data for {method} {0x00000008000e4368} '<init>' '(Ljava/lang/String;I)V' in 'java/util/regex/Pattern')}
  0x000000010d392b14: 00c2 8dd2 | 4003 a6f2 | 2000 c0f2 | 04ac 40b9 | 8408 0011 | 04ac 00b9 | 8424 1f12 | 9f00 0071 
  0x000000010d392b34: 2059 0054 | e003 01aa 

  0x000000010d392b3c: ;   {metadata(method data for {method} {0x00000008000e4368} '<init>' '(Ljava/lang/String;I)V' in 'java/util/regex/Pattern')}
  0x000000010d392b3c: 04c2 8dd2 | 4403 a6f2 | 2400 c0f2 | 8878 40f9 | 0805 0091 | 8878 00f9 

  0x000000010d392b54: ;   {metadata(method data for {method} {0x0000000800441e40} '<init>' '()V' in 'java/lang/Object')}
  0x000000010d392b54: 0069 97d2 | 0000 a6f2 | 2000 c0f2 | 04ac 40b9 | 8408 0011 | 04ac 00b9 | 844c 1f12 | 9f00 0071 
  0x000000010d392b74: 2058 0054 | 6058 1712 | 1f00 0071 

  0x000000010d392b80: ;   {metadata(method data for {method} {0x00000008000e4368} '<init>' '(Ljava/lang/String;I)V' in 'java/util/regex/Pattern')}
  0x000000010d392b80: 00c2 8dd2 | 4003 a6f2 | 2000 c0f2 | e803 78b2 | 0922 80d2 | 0401 899a | 0a68 64f8 | 4a05 0091 
  0x000000010d392ba0: 0a68 24f8 | 201e 0054 | e373 00b9 

  0x000000010d392bac: ; ImmutableOopMap {}
                      ;*new {reexecute=0 rethrow=0 return_oop=0}
                      ; - java.util.regex.Pattern::<init>@12 (line 1410)
                      ;   {runtime_call load_mirror_patching Runtime1 stub}
  0x000000010d392bac: 156a be95 | 8087 40f9 | 0ba0 0091 | 888f 40f9 | 7f01 08eb | c856 0054 | 8b87 00f9 | ea03 40b2 
  0x000000010d392bcc: 0a00 00f9 | 6a00 5dd2 | 0a7c 0129 | 0a40 0091 | 5f01 00f9 | 5ffd 00a9 | bf3a 03d5 | e03f 00f9 
  0x000000010d392bec: ;   {metadata('java/lang/StringBuilder')}
  0x000000010d392bec: 03e9 9ed2 | 0300 a0f2 | 0301 c0f2 | 8087 40f9 | 0b60 0091 | 888f 40f9 | 7f01 08eb | c854 0054 
  0x000000010d392c0c: 8b87 00f9 | ea03 40b2 | 0a00 00f9 | 6a00 5dd2 | 0a7c 0129 | 0a40 0091 | 5f01 00f9 | bf3a 03d5 
  0x000000010d392c2c: e203 00aa 

  0x000000010d392c30: ;   {metadata(method data for {method} {0x00000008000e4368} '<init>' '(Ljava/lang/String;I)V' in 'java/util/regex/Pattern')}
  0x000000010d392c30: 01c2 8dd2 | 4103 a6f2 | 2100 c0f2 | 2890 40f9 | 0805 0091 | 2890 00f9 

  0x000000010d392c48: ;   {metadata(method data for {method} {0x000000080041f7d0} '<init>' '()V' in 'java/lang/StringBuilder')}
  0x000000010d392c48: 025f 9fd2 | 4200 a6f2 | 2200 c0f2 | 41ac 40b9 | 2108 0011 | 41ac 00b9 | 214c 1f12 | 3f00 0071 
  0x000000010d392c68: 0052 0054 | e203 00aa 

  0x000000010d392c70: ;   {metadata(method data for {method} {0x000000080041f7d0} '<init>' '()V' in 'java/lang/StringBuilder')}
  0x000000010d392c70: 015f 9fd2 | 4100 a6f2 | 2100 c0f2 | 2878 40f9 | 0805 0091 | 2878 00f9 | e203 1c32 | e103 00aa 
  0x000000010d392c90: e037 00f9 

  0x000000010d392c94: ; ImmutableOopMap {[104]=Oop [120]=Oop }
                      ;*invokespecial <init> {reexecute=0 rethrow=0 return_oop=0}
                      ; - java.lang.StringBuilder::<init>@3 (line 106)
                      ; - java.util.regex.Pattern::<init>@20 (line 1410)
                      ;   {optimized virtual_call}
  0x000000010d392c94: 9b98 bb95 | e037 40f9 

  0x000000010d392c9c: ;   {metadata(method data for {method} {0x00000008000e4368} '<init>' '(Ljava/lang/String;I)V' in 'java/util/regex/Pattern')}
  0x000000010d392c9c: 02c2 8dd2 | 4203 a6f2 | 2200 c0f2 | 4898 40f9 | 0805 0091 | 4898 00f9 

  0x000000010d392cb4: ;   {metadata(method data for {method} {0x000000080041ff08} 'append' '(Ljava/lang/String;)Ljava/lang/StringBuilder;' in 'java/lang/StringBuilder')}
  0x000000010d392cb4: 021d 80d2 | 6200 a6f2 | 2200 c0f2 | 41ac 40b9 | 2108 0011 | 41ac 00b9 | 214c 1f12 | 3f00 0071 
  0x000000010d392cd4: a04f 0054 | e037 40f9 

  0x000000010d392cdc: ;   {metadata(method data for {method} {0x000000080041ff08} 'append' '(Ljava/lang/String;)Ljava/lang/StringBuilder;' in 'java/lang/StringBuilder')}
  0x000000010d392cdc: 021d 80d2 | 6200 a6f2 | 2200 c0f2 | 4878 40f9 | 0805 0091 | 4878 00f9 

  0x000000010d392cf4: ;   {oop("Unknown flag 0x"{0x00000007ffe1d790})}
  0x000000010d392cf4: 02f2 9ad2 | 22fc bff2 | e200 c0f2 | e137 40f9 

  0x000000010d392d04: ; ImmutableOopMap {[104]=Oop [120]=Oop }
                      ;*invokespecial append {reexecute=0 rethrow=0 return_oop=0}
                      ; - java.lang.StringBuilder::append@2 (line 179)
                      ; - java.util.regex.Pattern::<init>@25 (line 1410)
                      ;   {optimized virtual_call}
  0x000000010d392d04: 7f98 bb95 

  0x000000010d392d08: ;   {metadata(method data for {method} {0x00000008000e4368} '<init>' '(Ljava/lang/String;I)V' in 'java/util/regex/Pattern')}
  0x000000010d392d08: 01c2 8dd2 | 4103 a6f2 | 2100 c0f2 | 28b4 40f9 | 0805 0091 | 28b4 00f9 

  0x000000010d392d20: ;   {metadata(method data for {method} {0x0000000800042898} 'toHexString' '(I)Ljava/lang/String;' in 'java/lang/Integer')}
  0x000000010d392d20: 01fc 80d2 | 4103 a6f2 | 2100 c0f2 | 22ac 40b9 | 4208 0011 | 22ac 00b9 | 424c 1f12 | 5f00 0071 
  0x000000010d392d40: 404d 0054 

  0x000000010d392d44: ;   {metadata(method data for {method} {0x0000000800042898} 'toHexString' '(I)Ljava/lang/String;' in 'java/lang/Integer')}
  0x000000010d392d44: 01fc 80d2 | 4103 a6f2 | 2100 c0f2 | 2878 40f9 | 0805 0091 | 2878 00f9 | e173 40b9 | e203 1e32 
  0x000000010d392d64: ; ImmutableOopMap {[104]=Oop [120]=Oop }
                      ;*invokestatic toUnsignedString0 {reexecute=0 rethrow=0 return_oop=0}
                      ; - java.lang.Integer::toHexString@2 (line 284)
                      ; - java.util.regex.Pattern::<init>@29 (line 1411)
                      ;   {static_call}
  0x000000010d392d64: e799 bb95 | e237 40f9 

  0x000000010d392d6c: ;   {metadata(method data for {method} {0x00000008000e4368} '<init>' '(Ljava/lang/String;I)V' in 'java/util/regex/Pattern')}
  0x000000010d392d6c: 01c2 8dd2 | 4103 a6f2 | 2100 c0f2 | 28bc 40f9 | 0805 0091 | 28bc 00f9 

  0x000000010d392d84: ;   {metadata(method data for {method} {0x000000080041ff08} 'append' '(Ljava/lang/String;)Ljava/lang/StringBuilder;' in 'java/lang/StringBuilder')}
  0x000000010d392d84: 021d 80d2 | 6200 a6f2 | 2200 c0f2 | 41ac 40b9 | 2108 0011 | 41ac 00b9 | 214c 1f12 | 3f00 0071 
  0x000000010d392da4: 204b 0054 | e237 40f9 

  0x000000010d392dac: ;   {metadata(method data for {method} {0x000000080041ff08} 'append' '(Ljava/lang/String;)Ljava/lang/StringBuilder;' in 'java/lang/StringBuilder')}
  0x000000010d392dac: 011d 80d2 | 6100 a6f2 | 2100 c0f2 | 2878 40f9 | 0805 0091 | 2878 00f9 | e203 00aa | e137 40f9 
  0x000000010d392dcc: ; ImmutableOopMap {[104]=Oop [120]=Oop }
                      ;*invokespecial append {reexecute=0 rethrow=0 return_oop=0}
                      ; - java.lang.StringBuilder::append@2 (line 179)
                      ; - java.util.regex.Pattern::<init>@32 (line 1411)
                      ;   {optimized virtual_call}
  0x000000010d392dcc: 4d98 bb95 | e037 40f9 

  0x000000010d392dd4: ;   {metadata(method data for {method} {0x00000008000e4368} '<init>' '(Ljava/lang/String;I)V' in 'java/util/regex/Pattern')}
  0x000000010d392dd4: 01c2 8dd2 | 4103 a6f2 | 2100 c0f2 | 28d8 40f9 | 0805 0091 | 28d8 00f9 

  0x000000010d392dec: ;   {metadata(method data for {method} {0x000000080041f828} 'toString' '()Ljava/lang/String;' in 'java/lang/StringBuilder')}
  0x000000010d392dec: 018a 80d2 | 6100 a6f2 | 2100 c0f2 | 22ac 40b9 | 4208 0011 | 22ac 00b9 | 424c 1f12 | 5f00 0071 
  0x000000010d392e0c: e048 0054 | e037 40f9 

  0x000000010d392e14: ;   {metadata(method data for {method} {0x000000080041f828} 'toString' '()Ljava/lang/String;' in 'java/lang/StringBuilder')}
  0x000000010d392e14: 018a 80d2 | 6100 a6f2 | 2100 c0f2 | 2878 40f9 | 0805 0091 | 2878 00f9 

  0x000000010d392e2c: ;   {metadata(method data for {method} {0x000000080005da28} 'isLatin1' '()Z' in 'java/lang/AbstractStringBuilder')}
  0x000000010d392e2c: 01c2 80d2 | 6100 a6f2 | 2100 c0f2 | 22ac 40b9 | 4208 0011 | 22ac 00b9 | 424c 1f12 | 5f00 0071 
  0x000000010d392e4c: e047 0054 

  0x000000010d392e50: ;   {metadata(method data for {method} {0x000000080005da28} 'isLatin1' '()Z' in 'java/lang/AbstractStringBuilder')}
  0x000000010d392e50: 01c2 80d2 | 6100 a6f2 | 2100 c0f2 | 2280 40f9 | 4204 0091 | 2280 00f9 | e037 40f9 | 0140 8039 
  0x000000010d392e70: 3f00 0071 

  0x000000010d392e74: ;   {metadata(method data for {method} {0x000000080005da28} 'isLatin1' '()Z' in 'java/lang/AbstractStringBuilder')}
  0x000000010d392e74: 01c2 80d2 | 6100 a6f2 | 2100 c0f2 | 0822 80d2 | 0924 80d2 | 0211 899a | 2368 62f8 | 6304 0091 
  0x000000010d392e94: 2368 22f8 | 2101 0054 

  0x000000010d392e9c: ;   {metadata(method data for {method} {0x000000080005da28} 'isLatin1' '()Z' in 'java/lang/AbstractStringBuilder')}
  0x000000010d392e9c: 01c2 80d2 | 6100 a6f2 | 2100 c0f2 | 2298 40f9 | 4204 0091 | 2298 00f9 | e103 0032 | 0200 0014 
  0x000000010d392ebc: 0100 a052 | 2100 0012 | 3f00 0071 

  0x000000010d392ec8: ;   {metadata(method data for {method} {0x000000080041f828} 'toString' '()Ljava/lang/String;' in 'java/lang/StringBuilder')}
  0x000000010d392ec8: 018a 80d2 | 6100 a6f2 | 2100 c0f2 | 0825 80d2 | 0927 80d2 | 0201 899a | 2368 62f8 | 6304 0091 
  0x000000010d392ee8: 2368 22f8 | 6002 0054 | 0114 40b9 | 21f0 7dd3 | 030c 40b9 

  0x000000010d392efc: ;   {metadata(method data for {method} {0x000000080041f828} 'toString' '()Ljava/lang/String;' in 'java/lang/StringBuilder')}
  0x000000010d392efc: 028a 80d2 | 6200 a6f2 | 2200 c0f2 | 48a4 40f9 | 0805 0091 | 48a4 00f9 | 0200 a052 

  0x000000010d392f18: ; ImmutableOopMap {[120]=Oop }
                      ;*invokestatic newString {reexecute=0 rethrow=0 return_oop=0}
                      ; - java.lang.StringBuilder::toString@16 (line 453)
                      ; - java.util.regex.Pattern::<init>@35 (line 1411)
                      ;   {static_call}
  0x000000010d392f18: 7a99 bb95 

  0x000000010d392f1c: ;   {metadata(method data for {method} {0x000000080041f828} 'toString' '()Ljava/lang/String;' in 'java/lang/StringBuilder')}
  0x000000010d392f1c: 018a 80d2 | 6100 a6f2 | 2100 c0f2 | 22ac 40f9 | 4204 0091 | 22ac 00f9 | ac01 0014 | 0114 40b9 
  0x000000010d392f3c: 21f0 7dd3 | 030c 40b9 

  0x000000010d392f44: ;   {metadata(method data for {method} {0x000000080041f828} 'toString' '()Ljava/lang/String;' in 'java/lang/StringBuilder')}
  0x000000010d392f44: 028a 80d2 | 6200 a6f2 | 2200 c0f2 | 48b8 40f9 | 0805 0091 | 48b8 00f9 | 0200 a052 

  0x000000010d392f60: ; ImmutableOopMap {[120]=Oop }
                      ;*invokestatic newString {reexecute=0 rethrow=0 return_oop=0}
                      ; - java.lang.StringBuilder::toString@31 (line 454)
                      ; - java.util.regex.Pattern::<init>@35 (line 1411)
                      ;   {static_call}
  0x000000010d392f60: 6899 bb95 | a001 0014 | 80e3 4039 | 1f00 0071 | c13f 0054 | 48fc 43d3 | 282c 00b9 | 2000 02ca 
  0x000000010d392f80: 00fc 55d3 | 1f00 00f1 | c13f 0054 | 230c 00b9 | 6000 1812 | 1f00 0071 

  0x000000010d392f98: ;   {metadata(method data for {method} {0x00000008000e4368} '<init>' '(Ljava/lang/String;I)V' in 'java/util/regex/Pattern')}
  0x000000010d392f98: 00c2 8dd2 | 4003 a6f2 | 2000 c0f2 | e817 7db2 | 0941 80d2 | 0201 899a | 0368 62f8 | 6304 0091 
  0x000000010d392fb8: 0368 22f8 | 8000 0054 | 200c 40b9 | 0000 1a32 | 200c 00b9 | 200c 40b9 | 2010 00b9 | e003 0032 
  0x000000010d392fd8: 2024 00b9 | 3f14 00b9 | 3f20 00b9 | 202c 40b9 | 00f0 7dd3 

  0x000000010d392fec: ; implicit exception: dispatches to 0x000000010d393790
  0x000000010d392fec: 1f00 40f9 | e203 00aa 

  0x000000010d392ff4: ;   {metadata(method data for {method} {0x00000008000e4368} '<init>' '(Ljava/lang/String;I)V' in 'java/util/regex/Pattern')}
  0x000000010d392ff4: 03c2 8dd2 | 4303 a6f2 | 2300 c0f2 | 680c 41f9 | 0805 0091 | 680c 01f9 

  0x000000010d39300c: ;   {metadata(method data for {method} {0x0000000800427920} 'isEmpty' '()Z' in 'java/lang/String')}
  0x000000010d39300c: 02e1 87d2 | 6200 a6f2 | 2200 c0f2 | 43ac 40b9 | 6308 0011 | 43ac 00b9 | 634c 1f12 | 7f00 0071 
  0x000000010d39302c: 403b 0054 | 0014 40b9 | 00f0 7dd3 

  0x000000010d393038: ; implicit exception: dispatches to 0x000000010d3937b4
  0x000000010d393038: 000c 40b9 | 1f00 0071 

  0x000000010d393040: ;   {metadata(method data for {method} {0x0000000800427920} 'isEmpty' '()Z' in 'java/lang/String')}
  0x000000010d393040: 00e1 87d2 | 6000 a6f2 | 2000 c0f2 | e80f 7cb2 | e903 78b2 | 0211 899a | 0368 62f8 | 6304 0091 
  0x000000010d393060: 0368 22f8 | 2101 0054 

  0x000000010d393068: ;   {metadata(method data for {method} {0x0000000800427920} 'isEmpty' '()Z' in 'java/lang/String')}
  0x000000010d393068: 00e1 87d2 | 6000 a6f2 | 2000 c0f2 | 0288 40f9 | 4204 0091 | 0288 00f9 | e003 0032 | 0200 0014 
  0x000000010d393088: 0000 a052 | 0000 0012 | 1f00 0071 

  0x000000010d393094: ;   {metadata(method data for {method} {0x00000008000e4368} '<init>' '(Ljava/lang/String;I)V' in 'java/util/regex/Pattern')}
  0x000000010d393094: 00c2 8dd2 | 4003 a6f2 | 2000 c0f2 | 084a 80d2 | 094c 80d2 | 0211 899a | 0368 62f8 | 6304 0091 
  0x000000010d3930b4: 0368 22f8 | a101 0054 | e003 01aa 

  0x000000010d3930c0: ;   {metadata(method data for {method} {0x00000008000e4368} '<init>' '(Ljava/lang/String;I)V' in 'java/util/regex/Pattern')}
  0x000000010d3930c0: 02c2 8dd2 | 4203 a6f2 | 2200 c0f2 | 4838 41f9 | 0805 0091 | 4838 01f9 | e003 01aa | e103 00aa 
  0x000000010d3930e0: e043 00f9 

  0x000000010d3930e4: ; ImmutableOopMap {[128]=Oop }
                      ;*invokevirtual compile {reexecute=0 rethrow=0 return_oop=0}
                      ; - java.util.regex.Pattern::<init>@108 (line 1430)
                      ;   {optimized virtual_call}
  0x000000010d3930e4: 1b48 dc95 | 3301 0014 | e143 00f9 

  0x000000010d3930f0: ;   {metadata('java/util/regex/Pattern$Start')}
  0x000000010d3930f0: 0367 9bd2 | 0305 a0f2 | 0301 c0f2 | 8087 40f9 | 0b60 0091 | 888f 40f9 | 7f01 08eb | 6835 0054 
  0x000000010d393110: 8b87 00f9 | ea03 40b2 | 0a00 00f9 | 6a00 5dd2 | 0a7c 0129 | 0a40 0091 | 5f01 00f9 | bf3a 03d5 
  0x000000010d393130: e303 00aa 

  0x000000010d393134: ;   {metadata(method data for {method} {0x00000008000e4368} '<init>' '(Ljava/lang/String;I)V' in 'java/util/regex/Pattern')}
  0x000000010d393134: 04c2 8dd2 | 4403 a6f2 | 2400 c0f2 | 887c 41f9 | 0805 0091 | 887c 01f9 

  0x000000010d39314c: ;   {metadata(method data for {method} {0x000000080028ecc0} '<init>' '(Ljava/util/regex/Pattern$Node;)V' in 'java/util/regex/Pattern$Start')}
  0x000000010d39314c: 030b 87d2 | 4303 a6f2 | 2300 c0f2 | 64ac 40b9 | 8408 0011 | 64ac 00b9 | 844c 1f12 | 9f00 0071 
  0x000000010d39316c: a032 0054 | e303 00aa 

  0x000000010d393174: ;   {metadata(method data for {method} {0x000000080028ecc0} '<init>' '(Ljava/util/regex/Pattern$Node;)V' in 'java/util/regex/Pattern$Start')}
  0x000000010d393174: 040b 87d2 | 4403 a6f2 | 2400 c0f2 | 8878 40f9 | 0805 0091 | 8878 00f9 

  0x000000010d39318c: ;   {metadata(method data for {method} {0x000000080028ef28} '<init>' '()V' in 'java/util/regex/Pattern$Node')}
  0x000000010d39318c: 030c 86d2 | e300 a6f2 | 2300 c0f2 | 64ac 40b9 | 8408 0011 | 64ac 00b9 | 844c 1f12 | 9f00 0071 
  0x000000010d3931ac: a031 0054 | e303 00aa 

  0x000000010d3931b4: ;   {metadata(method data for {method} {0x000000080028ef28} '<init>' '()V' in 'java/util/regex/Pattern$Node')}
  0x000000010d3931b4: 040c 86d2 | e400 a6f2 | 2400 c0f2 | 8878 40f9 | 0805 0091 | 8878 00f9 

  0x000000010d3931cc: ;   {metadata(method data for {method} {0x0000000800441e40} '<init>' '()V' in 'java/lang/Object')}
  0x000000010d3931cc: 0369 97d2 | 0300 a6f2 | 2300 c0f2 | 64ac 40b9 | 8408 0011 | 64ac 00b9 | 844c 1f12 | 9f00 0071 
  0x000000010d3931ec: a030 0054 

  0x000000010d3931f0: ;   {oop(a 'java/util/regex/Pattern$Node'{0x0000000700601f08})}
  0x000000010d3931f0: 03e1 83d2 | 030c a0f2 | e300 c0f2 | 84e3 4039 | 9f00 0071 | e130 0054 | 68fc 43d3 | 080c 00b9 
  0x000000010d393210: 0400 03ca | 84fc 55d3 | 9f00 00f1 | e130 0054 

  0x000000010d393220: ;   {oop(a 'java/util/regex/Pattern$LastNode'{0x0000000700601ef8})}
  0x000000010d393220: 02df 83d2 | 020c a0f2 | e200 c0f2 | 83e3 4039 | 7f00 0071 | a130 0054 | 48fc 43d3 | 080c 00b9 
  0x000000010d393240: 0300 02ca | 63fc 55d3 | 7f00 00f1 | a130 0054 

  0x000000010d393250: ;   {metadata('java/util/regex/Pattern$TreeInfo')}
  0x000000010d393250: 03fb 80d2 | e301 a0f2 | 0301 c0f2 | e04b 00f9 | 8087 40f9 | 0b60 0091 | 888f 40f9 | 7f01 08eb 
  0x000000010d393270: 0830 0054 | 8b87 00f9 | ea03 40b2 | 0a00 00f9 | 6a00 5dd2 | 0a7c 0129 | 0a40 0091 | 5f01 00f9 
  0x000000010d393290: bf3a 03d5 | e103 00aa 

  0x000000010d393298: ;   {metadata(method data for {method} {0x000000080028ecc0} '<init>' '(Ljava/util/regex/Pattern$Node;)V' in 'java/util/regex/Pattern$Start')}
  0x000000010d393298: 030b 87d2 | 4303 a6f2 | 2300 c0f2 | 6880 40f9 | 0805 0091 | 6880 00f9 

  0x000000010d3932b0: ;   {metadata(method data for {method} {0x000000080036c4f8} '<init>' '()V' in 'java/util/regex/Pattern$TreeInfo')}
  0x000000010d3932b0: 013d 87d2 | 4103 a6f2 | 2100 c0f2 | 23ac 40b9 | 6308 0011 | 23ac 00b9 | 634c 1f12 | 7f00 0071 
  0x000000010d3932d0: 402d 0054 | e103 00aa 

  0x000000010d3932d8: ;   {metadata(method data for {method} {0x000000080036c4f8} '<init>' '()V' in 'java/util/regex/Pattern$TreeInfo')}
  0x000000010d3932d8: 033d 87d2 | 4303 a6f2 | 2300 c0f2 | 6878 40f9 | 0805 0091 | 6878 00f9 

  0x000000010d3932f0: ;   {metadata(method data for {method} {0x0000000800441e40} '<init>' '()V' in 'java/lang/Object')}
  0x000000010d3932f0: 0169 97d2 | 0100 a6f2 | 2100 c0f2 | 23ac 40b9 | 6308 0011 | 23ac 00b9 | 634c 1f12 | 7f00 0071 
  0x000000010d393310: 402c 0054 | e103 00aa 

  0x000000010d393318: ;   {metadata(method data for {method} {0x000000080036c4f8} '<init>' '()V' in 'java/util/regex/Pattern$TreeInfo')}
  0x000000010d393318: 033d 87d2 | 4303 a6f2 | 2300 c0f2 | 6880 40f9 | 0805 0091 | 6880 00f9 

  0x000000010d393330: ;   {metadata(method data for {method} {0x000000080036c4a0} 'reset' '()V' in 'java/util/regex/Pattern$TreeInfo')}
  0x000000010d393330: 016c 87d2 | 4103 a6f2 | 2100 c0f2 | 23ac 40b9 | 6308 0011 | 23ac 00b9 | 634c 1f12 | 7f00 0071 
  0x000000010d393350: 402b 0054 | e103 0032 | 0150 0039 | e103 0032 | 0154 0039 | e103 02aa 

  0x000000010d393368: ;   {metadata(method data for {method} {0x000000080028ecc0} '<init>' '(Ljava/util/regex/Pattern$Node;)V' in 'java/util/regex/Pattern$Start')}
  0x000000010d393368: 030b 87d2 | 4303 a6f2 | 2300 c0f2 | 2108 40b9 | 2100 5dd2 | 6980 0491 | 2801 40f9 | 3f00 08eb 
  0x000000010d393388: a100 0054 | 6894 40f9 | 0805 0091 | 6894 00f9 | 1c00 0014 | 69c0 0491 | 2801 40f9 | 3f00 08eb 
  0x000000010d3933a8: a100 0054 | 689c 40f9 | 0805 0091 | 689c 00f9 | 1400 0014 | 6980 0491 | 2801 40f9 | c800 00b5 
  0x000000010d3933c8: 2101 00f9 | e803 40b2 | 69a0 0491 | 2801 00f9 | 0c00 0014 | 69c0 0491 | 2801 40f9 | c800 00b5 
  0x000000010d3933e8: 2101 00f9 | e803 40b2 | 69e0 0491 | 2801 00f9 | 0400 0014 | 6888 40f9 | 0805 0091 | 6888 00f9 
  0x000000010d393408: ;   {metadata(method data for {method} {0x000000080028ed30} 'study' '(Ljava/util/regex/Pattern$TreeInfo;)Z' in 'java/util/regex/Pattern$Node')}
  0x000000010d393408: 0133 99d2 | 8113 a6f2 | 2100 c0f2 | 23ac 40b9 | 6308 0011 | 23ac 00b9 | 634c 1f12 | 7f00 0071 
  0x000000010d393428: 8025 0054 

  0x000000010d39342c: ; implicit exception: dispatches to 0x000000010d3938f8
  0x000000010d39342c: 410c 40b9 | 21f0 7dd3 | e203 1faa | 3f00 02eb 

  0x000000010d39343c: ;   {metadata(method data for {method} {0x000000080028ed30} 'study' '(Ljava/util/regex/Pattern$TreeInfo;)Z' in 'java/util/regex/Pattern$Node')}
  0x000000010d39343c: 0233 99d2 | 8213 a6f2 | 2200 c0f2 | e80f 7cb2 | e903 78b2 | 0301 899a | 4468 63f8 | 8404 0091 
  0x000000010d39345c: 4468 23f8 | 8006 0054 

  0x000000010d393464: ; implicit exception: dispatches to 0x000000010d3938fc
  0x000000010d393464: 3f00 40f9 | e203 01aa 

  0x000000010d39346c: ;   {metadata(method data for {method} {0x000000080028ed30} 'study' '(Ljava/util/regex/Pattern$TreeInfo;)Z' in 'java/util/regex/Pattern$Node')}
  0x000000010d39346c: 0433 99d2 | 8413 a6f2 | 2400 c0f2 | 4208 40b9 | 4200 5dd2 | 8980 0491 | 2801 40f9 | 5f00 08eb 
  0x000000010d39348c: a100 0054 | 8894 40f9 | 0805 0091 | 8894 00f9 | 1c00 0014 | 89c0 0491 | 2801 40f9 | 5f00 08eb 
  0x000000010d3934ac: a100 0054 | 889c 40f9 | 0805 0091 | 889c 00f9 | 1400 0014 | 8980 0491 | 2801 40f9 | c800 00b5 
  0x000000010d3934cc: 2201 00f9 | e803 40b2 | 89a0 0491 | 2801 00f9 | 0c00 0014 | 89c0 0491 | 2801 40f9 | c800 00b5 
  0x000000010d3934ec: 2201 00f9 | e803 40b2 | 89e0 0491 | 2801 00f9 | 0400 0014 | 8888 40f9 | 0805 0091 | 8888 00f9 
  0x000000010d39350c: e203 00aa | e047 00f9 | e9ff 9fd2 | e9ff bff2 | e9ff dff2 

  0x000000010d393520: ; ImmutableOopMap {[128]=Oop [144]=Oop [136]=Oop }
                      ;*invokevirtual study {reexecute=0 rethrow=0 return_oop=0}
                      ; - java.util.regex.Pattern$Node::study@12 (line 3564)
                      ; - java.util.regex.Pattern$Start::<init>@22 (line 3598)
                      ; - java.util.regex.Pattern::<init>@130 (line 1435)
                      ;   {virtual_call}
  0x000000010d393520: 3897 bb95 | 0200 0012 | e047 40f9 | 0300 0014 | 0254 4039 | 4200 0012 | e24b 40f9 | 010c 40b9 
  0x000000010d393540: 4110 00b9 | e143 40f9 | 80e3 4039 | 1f00 0071 | 811d 0054 | 48fc 43d3 | 2834 00b9 | 2000 02ca 
  0x000000010d393560: 00fc 55d3 | 1f00 00f1 | 811d 0054 

  0x000000010d39356c: ;   {oop(a 'java/util/regex/Pattern$LastNode'{0x0000000700601ef8})}
  0x000000010d39356c: 02df 83d2 | 020c a0f2 | e200 c0f2 | 80e3 4039 | 1f00 0071 | 411d 0054 | 48fc 43d3 | 2838 00b9 
  0x000000010d39358c: 2000 02ca | 00fc 55d3 | 1f00 00f1 | 411d 0054 | fd7b 4aa9 | ffc3 0291 

  0x000000010d3935a4: ;   {poll_return}
  0x000000010d3935a4: 88a7 41f9 | ff63 28eb | 281d 0054 | c003 5fd6 

  0x000000010d3935b4: ;   {metadata(method data for {method} {0x00000008000e4368} '<init>' '(Ljava/lang/String;I)V' in 'java/util/regex/Pattern')}
  0x000000010d3935b4: 02c2 8dd2 | 4203 a6f2 | 2200 c0f2 | 4154 41f9 | 2104 0091 | 4154 01f9 | fd7b 4aa9 | ffc3 0291 
  0x000000010d3935d4: ;   {poll_return}
  0x000000010d3935d4: 88a7 41f9 | ff63 28eb | 081c 0054 | c003 5fd6 | e33f 40f9 | e203 03aa 

  0x000000010d3935ec: ;   {metadata(method data for {method} {0x00000008000e4368} '<init>' '(Ljava/lang/String;I)V' in 'java/util/regex/Pattern')}
  0x000000010d3935ec: 01c2 8dd2 | 4103 a6f2 | 2100 c0f2 | 28f4 40f9 | 0805 0091 | 28f4 00f9 | e203 00aa | e103 03aa 
  0x000000010d39360c: ; ImmutableOopMap {[120]=Oop }
                      ;*invokespecial <init> {reexecute=0 rethrow=0 return_oop=0}
                      ; - java.util.regex.Pattern::<init>@38 (line 1411)
                      ;   {optimized virtual_call}
  0x000000010d39360c: 3d96 bb95 | e03f 40f9 | dd00 0014 | 80ef 41f9 | 9fef 01f9 | 9ff3 01f9 | e203 01aa 

  0x000000010d393628: ;   {metadata(method data for {method} {0x00000008000e4368} '<init>' '(Ljava/lang/String;I)V' in 'java/util/regex/Pattern')}
  0x000000010d393628: 00c2 8dd2 | 4003 a6f2 | 2000 c0f2 | 0860 41f9 | 0805 0091 | 0860 01f9 

  0x000000010d393640: ;   {oop("Stack overflow during pattern compilation"{0x00000007ffe19720})}
  0x000000010d393640: 02e4 92d2 | 22fc bff2 | e200 c0f2 

  0x000000010d39364c: ; ImmutableOopMap {}
                      ;*invokevirtual error {reexecute=0 rethrow=0 return_oop=0}
                      ; - java.util.regex.Pattern::<init>@118 (line 1432)
                      ;   {optimized virtual_call}
  0x000000010d39364c: 2d96 bb95 

  0x000000010d393650: ; implicit exception: dispatches to 0x000000010d393968
  0x000000010d393650: 1f00 40f9 | cd00 0014 

  0x000000010d393658: ;   {metadata({method} {0x00000008000e4368} '<init>' '(Ljava/lang/String;I)V' in 'java/util/regex/Pattern')}
  0x000000010d393658: 086d 88d2 | c801 a0f2 | 0801 c0f2 | e807 00f9 | 0800 8092 | e803 00f9 

  0x000000010d393670: ; ImmutableOopMap {c_rarg1=Oop c_rarg2=Oop }
                      ;*synchronization entry
                      ; - java.util.regex.Pattern::<init>@-1 (line 1408)
                      ;   {runtime_call counter_overflow Runtime1 stub}
  0x000000010d393670: a469 be95 | 31fd ff17 

  0x000000010d393678: ;   {metadata({method} {0x0000000800441e40} '<init>' '()V' in 'java/lang/Object')}
  0x000000010d393678: 08c8 83d2 | 8808 a0f2 | 0801 c0f2 | e807 00f9 | 0800 8092 | e803 00f9 

  0x000000010d393690: ; ImmutableOopMap {c_rarg1=Oop c_rarg2=Oop }
                      ;*synchronization entry
                      ; - java.lang.Object::<init>@-1 (line 44)
                      ; - java.util.regex.Pattern::<init>@1 (line 1408)
                      ;   {runtime_call counter_overflow Runtime1 stub}
  0x000000010d393690: 9c69 be95 | 39fd ff17 

  0x000000010d393698: ; ImmutableOopMap {}
                      ;*new {reexecute=0 rethrow=0 return_oop=0}
                      ; - java.util.regex.Pattern::<init>@12 (line 1410)
                      ;   {runtime_call fast_new_instance Runtime1 stub}
  0x000000010d393698: 5a58 be95 | 53fd ff17 

  0x000000010d3936a0: ; ImmutableOopMap {[120]=Oop }
                      ;*new {reexecute=0 rethrow=0 return_oop=0}
                      ; - java.util.regex.Pattern::<init>@16 (line 1410)
                      ;   {runtime_call fast_new_instance Runtime1 stub}
  0x000000010d3936a0: 5858 be95 | 62fd ff17 

  0x000000010d3936a8: ;   {metadata({method} {0x000000080041f7d0} '<init>' '()V' in 'java/lang/StringBuilder')}
  0x000000010d3936a8: 08fa 9ed2 | 2808 a0f2 | 0801 c0f2 | e807 00f9 | 0800 8092 | e803 00f9 

  0x000000010d3936c0: ; ImmutableOopMap {[120]=Oop c_rarg0=Oop }
                      ;*synchronization entry
                      ; - java.lang.StringBuilder::<init>@-1 (line 106)
                      ; - java.util.regex.Pattern::<init>@20 (line 1410)
                      ;   {runtime_call counter_overflow Runtime1 stub}
  0x000000010d3936c0: 9069 be95 | 6afd ff17 

  0x000000010d3936c8: ;   {metadata({method} {0x000000080041ff08} 'append' '(Ljava/lang/String;)Ljava/lang/StringBuilder;' in 'java/lang/StringBuilder')}
  0x000000010d3936c8: 08e1 9fd2 | 2808 a0f2 | 0801 c0f2 | e807 00f9 | 0800 8092 | e803 00f9 

  0x000000010d3936e0: ; ImmutableOopMap {[104]=Oop [120]=Oop }
                      ;*synchronization entry
                      ; - java.lang.StringBuilder::append@-1 (line 179)
                      ; - java.util.regex.Pattern::<init>@25 (line 1410)
                      ;   {runtime_call counter_overflow Runtime1 stub}
  0x000000010d3936e0: 8869 be95 | 7dfd ff17 

  0x000000010d3936e8: ;   {metadata({method} {0x0000000800042898} 'toHexString' '(I)Ljava/lang/String;' in 'java/lang/Integer')}
  0x000000010d3936e8: 0813 85d2 | 8800 a0f2 | 0801 c0f2 | e807 00f9 | 0800 8092 | e803 00f9 

  0x000000010d393700: ; ImmutableOopMap {[104]=Oop [120]=Oop }
                      ;*synchronization entry
                      ; - java.lang.Integer::toHexString@-1 (line 284)
                      ; - java.util.regex.Pattern::<init>@29 (line 1411)
                      ;   {runtime_call counter_overflow Runtime1 stub}
  0x000000010d393700: 8069 be95 | 90fd ff17 

  0x000000010d393708: ;   {metadata({method} {0x000000080041ff08} 'append' '(Ljava/lang/String;)Ljava/lang/StringBuilder;' in 'java/lang/StringBuilder')}
  0x000000010d393708: 08e1 9fd2 | 2808 a0f2 | 0801 c0f2 | e807 00f9 | 0800 8092 | e803 00f9 

  0x000000010d393720: ; ImmutableOopMap {[104]=Oop [120]=Oop c_rarg0=Oop }
                      ;*synchronization entry
                      ; - java.lang.StringBuilder::append@-1 (line 179)
                      ; - java.util.regex.Pattern::<init>@32 (line 1411)
                      ;   {runtime_call counter_overflow Runtime1 stub}
  0x000000010d393720: 7869 be95 | a1fd ff17 

  0x000000010d393728: ;   {metadata({method} {0x000000080041f828} 'toString' '()Ljava/lang/String;' in 'java/lang/StringBuilder')}
  0x000000010d393728: 0805 9fd2 | 2808 a0f2 | 0801 c0f2 | e807 00f9 | 0800 8092 | e803 00f9 

  0x000000010d393740: ; ImmutableOopMap {[104]=Oop [120]=Oop }
                      ;*synchronization entry
                      ; - java.lang.StringBuilder::toString@-1 (line 453)
                      ; - java.util.regex.Pattern::<init>@35 (line 1411)
                      ;   {runtime_call counter_overflow Runtime1 stub}
  0x000000010d393740: 7069 be95 | b3fd ff17 

  0x000000010d393748: ;   {metadata({method} {0x000000080005da28} 'isLatin1' '()Z' in 'java/lang/AbstractStringBuilder')}
  0x000000010d393748: 0845 9bd2 | a800 a0f2 | 0801 c0f2 | e807 00f9 | 0800 8092 | e803 00f9 

  0x000000010d393760: ; ImmutableOopMap {[104]=Oop [120]=Oop }
                      ;*synchronization entry
                      ; - java.lang.AbstractStringBuilder::isLatin1@-1 (line 1677)
                      ; - java.lang.StringBuilder::toString@1 (line 453)
                      ; - java.util.regex.Pattern::<init>@35 (line 1411)
                      ;   {runtime_call counter_overflow Runtime1 stub}
  0x000000010d393760: 6869 be95 | bbfd ff17 | 202c 40b9 | 00f0 7dd3 | 20c0 ffb4 | e003 00f9 

  0x000000010d393778: ;   {runtime_call g1_pre_barrier_slow}
  0x000000010d393778: e26a be95 | fefd ff17 | 62c0 ffb4 | e103 00f9 

  0x000000010d393788: ;   {runtime_call g1_post_barrier_slow}
  0x000000010d393788: 9e6b be95 | 00fe ff17 

  0x000000010d393790: ; ImmutableOopMap {c_rarg1=Oop c_rarg0=Oop }
                      ;*invokevirtual isEmpty {reexecute=0 rethrow=0 return_oop=0}
                      ; - java.util.regex.Pattern::<init>@101 (line 1428)
                      ;   {runtime_call throw_null_pointer_exception Runtime1 stub}
  0x000000010d393790: 1c55 be95 

  0x000000010d393794: ;   {metadata({method} {0x0000000800427920} 'isEmpty' '()Z' in 'java/lang/String')}
  0x000000010d393794: 0824 8fd2 | 4808 a0f2 | 0801 c0f2 | e807 00f9 | 0800 8092 | e803 00f9 

  0x000000010d3937ac: ; ImmutableOopMap {c_rarg1=Oop c_rarg0=Oop }
                      ;*synchronization entry
                      ; - java.lang.String::isEmpty@-1 (line 1494)
                      ; - java.util.regex.Pattern::<init>@101 (line 1428)
                      ;   {runtime_call counter_overflow Runtime1 stub}
  0x000000010d3937ac: 5569 be95 | 20fe ff17 

  0x000000010d3937b4: ; ImmutableOopMap {c_rarg1=Oop }
                      ;*arraylength {reexecute=0 rethrow=0 return_oop=0}
                      ; - java.lang.String::isEmpty@4 (line 1494)
                      ; - java.util.regex.Pattern::<init>@101 (line 1428)
                      ;   {runtime_call throw_null_pointer_exception Runtime1 stub}
  0x000000010d3937b4: 1355 be95 

  0x000000010d3937b8: ; ImmutableOopMap {[128]=Oop }
                      ;*new {reexecute=0 rethrow=0 return_oop=0}
                      ; - java.util.regex.Pattern::<init>@123 (line 1435)
                      ;   {runtime_call fast_new_instance Runtime1 stub}
  0x000000010d3937b8: 1258 be95 | 5dfe ff17 

  0x000000010d3937c0: ;   {metadata({method} {0x000000080028ecc0} '<init>' '(Ljava/util/regex/Pattern$Node;)V' in 'java/util/regex/Pattern$Start')}
  0x000000010d3937c0: 0898 9dd2 | 0805 a0f2 | 0801 c0f2 | e807 00f9 | 0800 8092 | e803 00f9 

  0x000000010d3937d8: ; ImmutableOopMap {[128]=Oop c_rarg0=Oop }
                      ;*synchronization entry
                      ; - java.util.regex.Pattern$Start::<init>@-1 (line 3595)
                      ; - java.util.regex.Pattern::<init>@130 (line 1435)
                      ;   {runtime_call counter_overflow Runtime1 stub}
  0x000000010d3937d8: 4a69 be95 | 65fe ff17 

  0x000000010d3937e0: ;   {metadata({method} {0x000000080028ef28} '<init>' '()V' in 'java/util/regex/Pattern$Node')}
  0x000000010d3937e0: 08e5 9dd2 | 0805 a0f2 | 0801 c0f2 | e807 00f9 | 0800 8092 | e803 00f9 

  0x000000010d3937f8: ; ImmutableOopMap {[128]=Oop c_rarg0=Oop }
                      ;*synchronization entry
                      ; - java.util.regex.Pattern$Node::<init>@-1 (line 3547)
                      ; - java.util.regex.Pattern$Start::<init>@1 (line 3595)
                      ; - java.util.regex.Pattern::<init>@130 (line 1435)
                      ;   {runtime_call counter_overflow Runtime1 stub}
  0x000000010d3937f8: 4269 be95 | 6dfe ff17 

  0x000000010d393800: ;   {metadata({method} {0x0000000800441e40} '<init>' '()V' in 'java/lang/Object')}
  0x000000010d393800: 08c8 83d2 | 8808 a0f2 | 0801 c0f2 | e807 00f9 | 0800 8092 | e803 00f9 

  0x000000010d393818: ; ImmutableOopMap {[128]=Oop c_rarg0=Oop }
                      ;*synchronization entry
                      ; - java.lang.Object::<init>@-1 (line 44)
                      ; - java.util.regex.Pattern$Node::<init>@1 (line 3547)
                      ; - java.util.regex.Pattern$Start::<init>@1 (line 3595)
                      ; - java.util.regex.Pattern::<init>@130 (line 1435)
                      ;   {runtime_call counter_overflow Runtime1 stub}
  0x000000010d393818: 3a69 be95 | 75fe ff17 | 040c 40b9 | 84f0 7dd3 | 04cf ffb4 | e403 00f9 

  0x000000010d393830: ;   {runtime_call g1_pre_barrier_slow}
  0x000000010d393830: b46a be95 | 75fe ff17 | 43cf ffb4 | e003 00f9 

  0x000000010d393840: ;   {runtime_call g1_post_barrier_slow}
  0x000000010d393840: 706b be95 | 77fe ff17 | 030c 40b9 | 63f0 7dd3 | 43cf ffb4 | e303 00f9 

  0x000000010d393858: ;   {runtime_call g1_pre_barrier_slow}
  0x000000010d393858: aa6a be95 | 77fe ff17 | 82cf ffb4 | e003 00f9 

  0x000000010d393868: ;   {runtime_call g1_post_barrier_slow}
  0x000000010d393868: 666b be95 | 79fe ff17 

  0x000000010d393870: ; ImmutableOopMap {[128]=Oop c_rarg2=Oop [144]=Oop }
                      ;*new {reexecute=0 rethrow=0 return_oop=0}
                      ; - java.util.regex.Pattern$Start::<init>@9 (line 3597)
                      ; - java.util.regex.Pattern::<init>@130 (line 1435)
                      ;   {runtime_call fast_new_instance Runtime1 stub}
  0x000000010d393870: e457 be95 | 88fe ff17 

  0x000000010d393878: ;   {metadata({method} {0x000000080036c4f8} '<init>' '()V' in 'java/util/regex/Pattern$TreeInfo')}
  0x000000010d393878: 089f 98d2 | c806 a0f2 | 0801 c0f2 | e807 00f9 | 0800 8092 | e803 00f9 

  0x000000010d393890: ; ImmutableOopMap {[128]=Oop c_rarg2=Oop [144]=Oop c_rarg0=Oop }
                      ;*synchronization entry
                      ; - java.util.regex.Pattern$TreeInfo::<init>@-1 (line 1846)
                      ; - java.util.regex.Pattern$Start::<init>@13 (line 3597)
                      ; - java.util.regex.Pattern::<init>@130 (line 1435)
                      ;   {runtime_call counter_overflow Runtime1 stub}
  0x000000010d393890: 1c69 be95 | 90fe ff17 

  0x000000010d393898: ;   {metadata({method} {0x0000000800441e40} '<init>' '()V' in 'java/lang/Object')}
  0x000000010d393898: 08c8 83d2 | 8808 a0f2 | 0801 c0f2 | e807 00f9 | 0800 8092 | e803 00f9 

  0x000000010d3938b0: ; ImmutableOopMap {[128]=Oop c_rarg2=Oop [144]=Oop c_rarg0=Oop }
                      ;*synchronization entry
                      ; - java.lang.Object::<init>@-1 (line 44)
                      ; - java.util.regex.Pattern$TreeInfo::<init>@1 (line 1846)
                      ; - java.util.regex.Pattern$Start::<init>@13 (line 3597)
                      ; - java.util.regex.Pattern::<init>@130 (line 1435)
                      ;   {runtime_call counter_overflow Runtime1 stub}
  0x000000010d3938b0: 1469 be95 | 98fe ff17 

  0x000000010d3938b8: ;   {metadata({method} {0x000000080036c4a0} 'reset' '()V' in 'java/util/regex/Pattern$TreeInfo')}
  0x000000010d3938b8: 0894 98d2 | c806 a0f2 | 0801 c0f2 | e807 00f9 | 0800 8092 | e803 00f9 

  0x000000010d3938d0: ; ImmutableOopMap {[128]=Oop c_rarg2=Oop [144]=Oop c_rarg0=Oop }
                      ;*synchronization entry
                      ; - java.util.regex.Pattern$TreeInfo::reset@-1 (line 1850)
                      ; - java.util.regex.Pattern$TreeInfo::<init>@5 (line 1847)
                      ; - java.util.regex.Pattern$Start::<init>@13 (line 3597)
                      ; - java.util.regex.Pattern::<init>@130 (line 1435)
                      ;   {runtime_call counter_overflow Runtime1 stub}
  0x000000010d3938d0: 0c69 be95 | a0fe ff17 

  0x000000010d3938d8: ;   {metadata({method} {0x000000080028ed30} 'study' '(Ljava/util/regex/Pattern$TreeInfo;)Z' in 'java/util/regex/Pattern$Node')}
  0x000000010d3938d8: 08a6 9dd2 | 0805 a0f2 | 0801 c0f2 | e807 00f9 | 0800 8092 | e803 00f9 

  0x000000010d3938f0: ; ImmutableOopMap {[128]=Oop c_rarg2=Oop [144]=Oop c_rarg0=Oop }
                      ;*synchronization entry
                      ; - java.util.regex.Pattern$Node::study@-1 (line 3563)
                      ; - java.util.regex.Pattern$Start::<init>@22 (line 3598)
                      ; - java.util.regex.Pattern::<init>@130 (line 1435)
                      ;   {runtime_call counter_overflow Runtime1 stub}
  0x000000010d3938f0: 0469 be95 | cefe ff17 

  0x000000010d3938f8: ; ImmutableOopMap {[128]=Oop [144]=Oop c_rarg0=Oop }
                      ;*getfield next {reexecute=1 rethrow=0 return_oop=0}
                      ; - (reexecute) java.util.regex.Pattern$Node::study@1 (line 3563)
                      ; - java.util.regex.Pattern$Start::<init>@22 (line 3598)
                      ; - java.util.regex.Pattern::<init>@130 (line 1435)
                      ;   {runtime_call throw_null_pointer_exception Runtime1 stub}
  0x000000010d3938f8: c254 be95 

  0x000000010d3938fc: ; ImmutableOopMap {[128]=Oop c_rarg0=Oop c_rarg1=Oop [144]=Oop }
                      ;*invokevirtual study {reexecute=0 rethrow=0 return_oop=0}
                      ; - java.util.regex.Pattern$Node::study@12 (line 3564)
                      ; - java.util.regex.Pattern$Start::<init>@22 (line 3598)
                      ; - java.util.regex.Pattern::<init>@130 (line 1435)
                      ;   {runtime_call throw_null_pointer_exception Runtime1 stub}
  0x000000010d3938fc: c154 be95 | 2034 40b9 | 00f0 7dd3 | 60e2 ffb4 | e003 00f9 

  0x000000010d393910: ;   {runtime_call g1_pre_barrier_slow}
  0x000000010d393910: 7c6a be95 | 10ff ff17 | a2e2 ffb4 | e103 00f9 

  0x000000010d393920: ;   {runtime_call g1_post_barrier_slow}
  0x000000010d393920: 386b be95 | 12ff ff17 | 2038 40b9 | 00f0 7dd3 | a0e2 ffb4 | e003 00f9 

  0x000000010d393938: ;   {runtime_call g1_pre_barrier_slow}
  0x000000010d393938: 726a be95 | 12ff ff17 | e2e2 ffb4 | e103 00f9 

  0x000000010d393948: ;   {runtime_call g1_post_barrier_slow}
  0x000000010d393948: 2e6b be95 | 14ff ff17 

  0x000000010d393950: ;   {internal_word}
  0x000000010d393950: a8e2 ff10 | 88b3 01f9 

  0x000000010d393958: ;   {runtime_call SafepointBlob}
  0x000000010d393958: 2aae bb15 

  0x000000010d39395c: ;   {internal_word}
  0x000000010d39395c: c8e3 ff10 | 88b3 01f9 

  0x000000010d393964: ;   {runtime_call SafepointBlob}
  0x000000010d393964: 27ae bb15 

  0x000000010d393968: ; ImmutableOopMap {c_rarg0=Oop }
                      ;*athrow {reexecute=1 rethrow=0 return_oop=0}
                      ; - (reexecute) java.util.regex.Pattern::<init>@121 (line 1432)
                      ;   {runtime_call throw_null_pointer_exception Runtime1 stub}
  0x000000010d393968: a654 be95 | e143 40f9 | 2aff ff17 | 1f20 03d5 | 1f20 03d5 | 80ef 41f9 | 9fef 01f9 | 9ff3 01f9 
  0x000000010d393988: fd7b 4aa9 | ffc3 0291 

  0x000000010d393990: ;   {runtime_call unwind_exception Runtime1 stub}
  0x000000010d393990: 7c1a bc15 | 0000 0000 | 0000 0000 | 0000 0000 | 0000 0000 | 0000 0000 | 0000 0000 | 0000 0000 
  0x000000010d3939b0: 0000 0000 | 0000 0000 | 0000 0000 | 0000 0000 
[Stub Code]
  0x000000010d3939c0: ;   {no_reloc}
  0x000000010d3939c0: df3f 03d5 

  0x000000010d3939c4: ;   {metadata(NULL)}
  0x000000010d3939c4: 0c00 80d2 | 0c00 a0f2 | 0c00 c0f2 | 0800 80d2 | 0800 a0f2 | 0800 c0f2 | 0001 1fd6 

  0x000000010d3939e0: ;   {trampoline_stub}
  0x000000010d3939e0: 4800 0058 | 0001 1fd6 | 008f 2714 | 0100 0000 

  0x000000010d3939f0: ;   {static_stub}
  0x000000010d3939f0: df3f 03d5 

  0x000000010d3939f4: ;   {metadata(NULL)}
  0x000000010d3939f4: 0c00 80d2 | 0c00 a0f2 | 0c00 c0f2 | 0800 80d2 | 0800 a0f2 | 0800 c0f2 | 0001 1fd6 

  0x000000010d393a10: ;   {trampoline_stub}
  0x000000010d393a10: 4800 0058 | 0001 1fd6 | 008f 2714 | 0100 0000 

  0x000000010d393a20: ;   {static_stub}
  0x000000010d393a20: df3f 03d5 

  0x000000010d393a24: ;   {metadata(NULL)}
  0x000000010d393a24: 0c00 80d2 | 0c00 a0f2 | 0c00 c0f2 | 0800 80d2 | 0800 a0f2 | 0800 c0f2 | 0001 1fd6 

  0x000000010d393a40: ;   {trampoline_stub}
  0x000000010d393a40: 4800 0058 | 0001 1fd6 | 0095 2714 | 0100 0000 

  0x000000010d393a50: ;   {static_stub}
  0x000000010d393a50: df3f 03d5 

  0x000000010d393a54: ;   {metadata(NULL)}
  0x000000010d393a54: 0c00 80d2 | 0c00 a0f2 | 0c00 c0f2 | 0800 80d2 | 0800 a0f2 | 0800 c0f2 | 0001 1fd6 

  0x000000010d393a70: ;   {trampoline_stub}
  0x000000010d393a70: 4800 0058 | 0001 1fd6 | 008f 2714 | 0100 0000 

  0x000000010d393a80: ;   {static_stub}
  0x000000010d393a80: df3f 03d5 

  0x000000010d393a84: ;   {metadata(NULL)}
  0x000000010d393a84: 0c00 80d2 | 0c00 a0f2 | 0c00 c0f2 | 0800 80d2 | 0800 a0f2 | 0800 c0f2 | 0001 1fd6 

  0x000000010d393aa0: ;   {trampoline_stub}
  0x000000010d393aa0: 4800 0058 | 0001 1fd6 | 0095 2714 | 0100 0000 

  0x000000010d393ab0: ;   {static_stub}
  0x000000010d393ab0: df3f 03d5 

  0x000000010d393ab4: ;   {metadata(NULL)}
  0x000000010d393ab4: 0c00 80d2 | 0c00 a0f2 | 0c00 c0f2 | 0800 80d2 | 0800 a0f2 | 0800 c0f2 | 0001 1fd6 

  0x000000010d393ad0: ;   {trampoline_stub}
  0x000000010d393ad0: 4800 0058 | 0001 1fd6 | 0095 2714 | 0100 0000 

  0x000000010d393ae0: ;   {static_stub}
  0x000000010d393ae0: df3f 03d5 

  0x000000010d393ae4: ;   {metadata({method} {0x00000008000e45d0} 'compile' '()V' in 'java/util/regex/Pattern')}
  0x000000010d393ae4: 0cba 88d2 | cc01 a0f2 | 0c01 c0f2 | 0857 90d2 | e884 a2f2 | 2800 c0f2 | 0001 1fd6 

  0x000000010d393b00: ;   {trampoline_stub}
  0x000000010d393b00: 4800 0058 | 0001 1fd6 | 5051 aa14 | 0100 0000 

  0x000000010d393b10: ;   {static_stub}
  0x000000010d393b10: df3f 03d5 

  0x000000010d393b14: ;   {metadata(NULL)}
  0x000000010d393b14: 0c00 80d2 | 0c00 a0f2 | 0c00 c0f2 | 0800 80d2 | 0800 a0f2 | 0800 c0f2 | 0001 1fd6 

  0x000000010d393b30: ;   {trampoline_stub}
  0x000000010d393b30: 4800 0058 | 0001 1fd6 | 0092 2714 | 0100 0000 

  0x000000010d393b40: ;   {static_stub}
  0x000000010d393b40: df3f 03d5 

  0x000000010d393b44: ;   {metadata(NULL)}
  0x000000010d393b44: 0c00 80d2 | 0c00 a0f2 | 0c00 c0f2 | 0800 80d2 | 0800 a0f2 | 0800 c0f2 | 0001 1fd6 

  0x000000010d393b60: ;   {trampoline_stub}
  0x000000010d393b60: 4800 0058 | 0001 1fd6 | 008f 2714 | 0100 0000 

  0x000000010d393b70: ;   {static_stub}
  0x000000010d393b70: df3f 03d5 

  0x000000010d393b74: ;   {metadata(NULL)}
  0x000000010d393b74: 0c00 80d2 | 0c00 a0f2 | 0c00 c0f2 | 0800 80d2 | 0800 a0f2 | 0800 c0f2 | 0001 1fd6 

  0x000000010d393b90: ;   {trampoline_stub}
  0x000000010d393b90: 4800 0058 | 0001 1fd6 | 008f 2714 | 0100 0000 
[Exception Handler]
  0x000000010d393ba0: ;   {runtime_call handle_exception_from_callee Runtime1 stub}
  0x000000010d393ba0: 585c be95 | c1d5 bbd4 | 9caa ce04 | 0100 0000 
[Deopt Handler Code]
  0x000000010d393bb0: 1e00 0010 

  0x000000010d393bb4: ;   {runtime_call DeoptimizationBlob}
  0x000000010d393bb4: 63ae bb15 
[/MachCode]


Compiled method (c1)    2093 1170       3       java.security.AccessController::executePrivileged (65 bytes)
 total in heap  [0x000000010cf4d590,0x000000010cf4dbf8] = 1640
 relocation     [0x000000010cf4d6e8,0x000000010cf4d760] = 120
 main code      [0x000000010cf4d780,0x000000010cf4da40] = 704
 stub code      [0x000000010cf4da40,0x000000010cf4dab8] = 120
 metadata       [0x000000010cf4dab8,0x000000010cf4dae8] = 48
 scopes data    [0x000000010cf4dae8,0x000000010cf4db60] = 120
 scopes pcs     [0x000000010cf4db60,0x000000010cf4dbe0] = 128
 dependencies   [0x000000010cf4dbe0,0x000000010cf4dbe8] = 8
 nul chk table  [0x000000010cf4dbe8,0x000000010cf4dbf8] = 16

[Constant Pool (empty)]

[MachCode]
[Verified Entry Point]
  # {method} {0x00000008004364c8} 'executePrivileged' '(Ljava/security/PrivilegedExceptionAction;Ljava/security/AccessControlContext;Ljava/lang/Class;)Ljava/lang/Object;' in 'java/security/AccessController'
  # parm0:    c_rarg1:c_rarg1 
                        = 'java/security/PrivilegedExceptionAction'
  # parm1:    c_rarg2:c_rarg2 
                        = 'java/security/AccessControlContext'
  # parm2:    c_rarg3:c_rarg3 
                        = 'java/lang/Class'
  #           [sp+0x50]  (sp of caller)
  0x000000010cf4d780: 1f20 03d5 | e953 40d1 | 3f01 00f9 | ff43 01d1 | fd7b 04a9 | e21b 00f9 

  0x000000010cf4d798: ;   {metadata(method data for {method} {0x00000008004364c8} 'executePrivileged' '(Ljava/security/PrivilegedExceptionAction;Ljava/security/AccessControlContext;Ljava/lang/Class;)Ljava/lang/Object;' in 'java/security/AccessController')}
  0x000000010cf4d798: 003f 91d2 | 6001 a6f2 | 2000 c0f2 | 04ac 40b9 | 8408 0011 | 04ac 00b9 | 8424 1f12 | 9f00 0071 
  0x000000010cf4d7b8: c00e 0054 | e003 1faa | 5f00 00eb 

  0x000000010cf4d7c4: ;   {metadata(method data for {method} {0x00000008004364c8} 'executePrivileged' '(Ljava/security/PrivilegedExceptionAction;Ljava/security/AccessControlContext;Ljava/lang/Class;)Ljava/lang/Object;' in 'java/security/AccessController')}
  0x000000010cf4d7c4: 003f 91d2 | 6001 a6f2 | 2000 c0f2 | e80f 7cb2 | e903 78b2 | 0401 899a | 0568 64f8 | a504 0091 
  0x000000010cf4d7e4: 0568 24f8 | e10f 02a9 | 2001 0054 

  0x000000010cf4d7f0: ;   {metadata(method data for {method} {0x00000008004364c8} 'executePrivileged' '(Ljava/security/PrivilegedExceptionAction;Ljava/security/AccessControlContext;Ljava/lang/Class;)Ljava/lang/Object;' in 'java/security/AccessController')}
  0x000000010cf4d7f0: 003f 91d2 | 6001 a6f2 | 2000 c0f2 | 0888 40f9 | 0805 0091 | 0888 00f9 | e103 02aa 

  0x000000010cf4d80c: ; ImmutableOopMap {[40]=Oop [48]=Oop [32]=Oop }
                      ;*invokestatic ensureMaterializedForStackWalk {reexecute=0 rethrow=0 return_oop=0}
                      ; - java.security.AccessController::executePrivileged@5 (line 803)
                      ;   {static_call}
  0x000000010cf4d80c: d1dd e295 

  0x000000010cf4d810: ;   {metadata(method data for {method} {0x00000008004364c8} 'executePrivileged' '(Ljava/security/PrivilegedExceptionAction;Ljava/security/AccessControlContext;Ljava/lang/Class;)Ljava/lang/Object;' in 'java/security/AccessController')}
  0x000000010cf4d810: 013f 91d2 | 6101 a6f2 | 2100 c0f2 | 2090 40f9 | 0004 0091 | 2090 00f9 | e113 40f9 

  0x000000010cf4d82c: ; implicit exception: dispatches to 0x000000010cf4d9b0
  0x000000010cf4d82c: 3f00 40f9 | e003 01aa 

  0x000000010cf4d834: ;   {metadata(method data for {method} {0x00000008004364c8} 'executePrivileged' '(Ljava/security/PrivilegedExceptionAction;Ljava/security/AccessControlContext;Ljava/lang/Class;)Ljava/lang/Object;' in 'java/security/AccessController')}
  0x000000010cf4d834: 033f 91d2 | 6301 a6f2 | 2300 c0f2 | 0008 40b9 | 0000 5dd2 | 6940 0691 | 2801 40f9 | 1f00 08eb 
  0x000000010cf4d854: a100 0054 | 68cc 40f9 | 0805 0091 | 68cc 00f9 | 1c00 0014 | 6980 0691 | 2801 40f9 | 1f00 08eb 
  0x000000010cf4d874: a100 0054 | 68d4 40f9 | 0805 0091 | 68d4 00f9 | 1400 0014 | 6940 0691 | 2801 40f9 | c800 00b5 
  0x000000010cf4d894: 2001 00f9 | e803 40b2 | 6960 0691 | 2801 00f9 | 0c00 0014 | 6980 0691 | 2801 40f9 | c800 00b5 
  0x000000010cf4d8b4: 2001 00f9 | e803 40b2 | 69a0 0691 | 2801 00f9 | 0400 0014 | 68c0 40f9 | 0805 0091 | 68c0 00f9 
  0x000000010cf4d8d4: 091c 9cd2 | e93d a0f2 | 0900 ccf2 

  0x000000010cf4d8e0: ; ImmutableOopMap {[40]=Oop [48]=Oop }
                      ;*invokeinterface run {reexecute=0 rethrow=0 return_oop=0}
                      ; - java.security.AccessController::executePrivileged@29 (line 807)
                      ;   {virtual_call}
  0x000000010cf4d8e0: 72a9 cf95 

  0x000000010cf4d8e4: ;   {metadata(method data for {method} {0x00000008004364c8} 'executePrivileged' '(Ljava/security/PrivilegedExceptionAction;Ljava/security/AccessControlContext;Ljava/lang/Class;)Ljava/lang/Object;' in 'java/security/AccessController')}
  0x000000010cf4d8e4: 013f 91d2 | 6101 a6f2 | 2100 c0f2 | 22dc 40f9 | 4204 0091 | 22dc 00f9 | e317 40f9 

  0x000000010cf4d900: ;   {metadata(method data for {method} {0x00000008004364c8} 'executePrivileged' '(Ljava/security/PrivilegedExceptionAction;Ljava/security/AccessControlContext;Ljava/lang/Class;)Ljava/lang/Object;' in 'java/security/AccessController')}
  0x000000010cf4d900: 013f 91d2 | 6101 a6f2 | 2100 c0f2 | 280c 41f9 | 0805 0091 | 280c 01f9 

  0x000000010cf4d918: ;   {metadata(method data for {method} {0x000000080004f490} 'reachabilityFence' '(Ljava/lang/Object;)V' in 'java/lang/ref/Reference')}
  0x000000010cf4d918: 01ce 93d2 | 8100 a6f2 | 2100 c0f2 | 22ac 40b9 | 4208 0011 | 22ac 00b9 | 424c 1f12 | 5f00 0071 
  0x000000010cf4d938: e003 0054 

  0x000000010cf4d93c: ;   {metadata(method data for {method} {0x00000008004364c8} 'executePrivileged' '(Ljava/security/PrivilegedExceptionAction;Ljava/security/AccessControlContext;Ljava/lang/Class;)Ljava/lang/Object;' in 'java/security/AccessController')}
  0x000000010cf4d93c: 013f 91d2 | 6101 a6f2 | 2100 c0f2 | 2814 41f9 | 0805 0091 | 2814 01f9 

  0x000000010cf4d954: ;   {metadata(method data for {method} {0x000000080004f490} 'reachabilityFence' '(Ljava/lang/Object;)V' in 'java/lang/ref/Reference')}
  0x000000010cf4d954: 01ce 93d2 | 8100 a6f2 | 2100 c0f2 | 22ac 40b9 | 4208 0011 | 22ac 00b9 | 424c 1f12 | 5f00 0071 
  0x000000010cf4d974: 0003 0054 | fd7b 44a9 | ff43 0191 

  0x000000010cf4d980: ;   {poll_return}
  0x000000010cf4d980: 88a7 41f9 | ff63 28eb | 6803 0054 | c003 5fd6 

  0x000000010cf4d990: ;   {metadata({method} {0x00000008004364c8} 'executePrivileged' '(Ljava/security/PrivilegedExceptionAction;Ljava/security/AccessControlContext;Ljava/lang/Class;)Ljava/lang/Object;' in 'java/security/AccessController')}
  0x000000010cf4d990: 0899 8cd2 | 6808 a0f2 | 0801 c0f2 | e807 00f9 | 0800 8092 | e803 00f9 

  0x000000010cf4d9a8: ; ImmutableOopMap {c_rarg1=Oop c_rarg2=Oop [48]=Oop c_rarg3=Oop }
                      ;*synchronization entry
                      ; - java.security.AccessController::executePrivileged@-1 (line 802)
                      ;   {runtime_call counter_overflow Runtime1 stub}
  0x000000010cf4d9a8: d680 cf95 | 84ff ff17 

  0x000000010cf4d9b0: ; ImmutableOopMap {[40]=Oop [48]=Oop c_rarg1=Oop }
                      ;*invokeinterface run {reexecute=0 rethrow=0 return_oop=0}
                      ; - java.security.AccessController::executePrivileged@29 (line 807)
                      ;   {runtime_call throw_null_pointer_exception Runtime1 stub}
  0x000000010cf4d9b0: 946c cf95 

  0x000000010cf4d9b4: ;   {metadata({method} {0x000000080004f490} 'reachabilityFence' '(Ljava/lang/Object;)V' in 'java/lang/ref/Reference')}
  0x000000010cf4d9b4: 0892 9ed2 | 8800 a0f2 | 0801 c0f2 | e807 00f9 | 0800 8092 | e803 00f9 

  0x000000010cf4d9cc: ; ImmutableOopMap {c_rarg0=Oop c_rarg3=Oop }
                      ;*synchronization entry
                      ; - java.lang.ref.Reference::reachabilityFence@-1 (line 621)
                      ; - java.security.AccessController::executePrivileged@56 (line 812)
                      ;   {runtime_call counter_overflow Runtime1 stub}
  0x000000010cf4d9cc: cd80 cf95 | dbff ff17 

  0x000000010cf4d9d4: ;   {metadata({method} {0x000000080004f490} 'reachabilityFence' '(Ljava/lang/Object;)V' in 'java/lang/ref/Reference')}
  0x000000010cf4d9d4: 0892 9ed2 | 8800 a0f2 | 0801 c0f2 | e807 00f9 | 0800 8092 | e803 00f9 

  0x000000010cf4d9ec: ; ImmutableOopMap {c_rarg0=Oop }
                      ;*synchronization entry
                      ; - java.lang.ref.Reference::reachabilityFence@-1 (line 621)
                      ; - java.security.AccessController::executePrivileged@60 (line 813)
                      ;   {runtime_call counter_overflow Runtime1 stub}
  0x000000010cf4d9ec: c580 cf95 | e2ff ff17 

  0x000000010cf4d9f4: ;   {internal_word}
  0x000000010cf4d9f4: 68fc ff10 | 88b3 01f9 

  0x000000010cf4d9fc: ;   {runtime_call SafepointBlob}
  0x000000010cf4d9fc: 01c6 cc15 | 1f20 03d5 | 1f20 03d5 | 80ef 41f9 | 9fef 01f9 | 9ff3 01f9 | fd7b 44a9 | ff43 0191 
  0x000000010cf4da1c: ;   {runtime_call unwind_exception Runtime1 stub}
  0x000000010cf4da1c: 5932 cd15 | 0000 0000 | 0000 0000 | 0000 0000 | 0000 0000 | 0000 0000 | 0000 0000 | 0000 0000 
  0x000000010cf4da3c: 0000 0000 
[Stub Code]
  0x000000010cf4da40: ;   {no_reloc}
  0x000000010cf4da40: df3f 03d5 

  0x000000010cf4da44: ;   {metadata(NULL)}
  0x000000010cf4da44: 0c00 80d2 | 0c00 a0f2 | 0c00 c0f2 | 0800 80d2 | 0800 a0f2 | 0800 c0f2 | 0001 1fd6 

  0x000000010cf4da60: ;   {trampoline_stub}
  0x000000010cf4da60: 4800 0058 | 0001 1fd6 | 504f 8014 | 0100 0000 

  0x000000010cf4da70: ;   {static_stub}
  0x000000010cf4da70: df3f 03d5 

  0x000000010cf4da74: ;   {metadata(NULL)}
  0x000000010cf4da74: 0c00 80d2 | 0c00 a0f2 | 0c00 c0f2 | 0800 80d2 | 0800 a0f2 | 0800 c0f2 | 0001 1fd6 

  0x000000010cf4da90: ;   {trampoline_stub}
  0x000000010cf4da90: 4800 0058 | 0001 1fd6 | a87e 3314 | 0100 0000 
[Exception Handler]
  0x000000010cf4daa0: ;   {runtime_call handle_exception_from_callee Runtime1 stub}
  0x000000010cf4daa0: 9874 cf95 | c1d5 bbd4 | 9caa ce04 | 0100 0000 
[Deopt Handler Code]
  0x000000010cf4dab0: 1e00 0010 

  0x000000010cf4dab4: ;   {runtime_call DeoptimizationBlob}
  0x000000010cf4dab4: a3c6 cc15 
[/MachCode]


Compiled method (n/a)    2096 1555     n 0       java.lang.Class::forName0 (native)
 total in heap  [0x0000000114898f90,0x0000000114899398] = 1032
 relocation     [0x00000001148990e8,0x0000000114899118] = 48
 main code      [0x0000000114899140,0x0000000114899388] = 584
 oops           [0x0000000114899388,0x0000000114899390] = 8
 metadata       [0x0000000114899390,0x0000000114899398] = 8

[Constant Pool (empty)]

[MachCode]
[Entry Point]
  # {method} {0x000000080043e500} 'forName0' '(Ljava/lang/String;ZLjava/lang/ClassLoader;Ljava/lang/Class;)Ljava/lang/Class;' in 'java/lang/Class'
  # parm0:    c_rarg1:c_rarg1 
                        = 'java/lang/String'
  # parm1:    c_rarg2   = boolean
  # parm2:    c_rarg3:c_rarg3 
                        = 'java/lang/ClassLoader'
  # parm3:    c_rarg4:c_rarg4 
                        = 'java/lang/Class'
  #           [sp+0x60]  (sp of caller)
  0x0000000114899140: 2808 40b9 | 3f01 086b | 4000 0054 

  0x000000011489914c: ;   {runtime_call ic_miss_stub}
  0x000000011489914c: ad7e e717 
[Verified Entry Point]
  0x0000000114899150: 1f20 03d5 | e953 40d1 | 3f01 00f9 | fd7b bfa9 | fd03 0091 | ff43 01d1 | e40f 00f9 | 9f00 1feb 
  0x0000000114899170: e563 0091 | e503 859a | e30b 00f9 | 7f00 1feb | e443 0091 | e403 849a | 437c 4093 | e103 00f9 
  0x0000000114899190: 3f00 1feb | e203 00d1 | e203 829a 

  0x000000011489919c: ;   {oop(a 'java/lang/Class'{0x00000007ffd00958} = 'java/lang/Class')}
  0x000000011489919c: 012b 81d2 | 01fa bff2 | e100 c0f2 | e123 00f9 | e103 0191 | e801 0010 | 884f 01f9 | e803 0091 
  0x00000001148991bc: 884b 01f9 

  0x00000001148991c0: ;   {external_word}
  0x00000001148991c0: 882f f8d0 | 0849 5439 | 280a 0035 | 80c3 0a91 | e803 7eb2 | 8903 0d91 | 28fd 9f88 

  0x00000001148991dc: ;   {runtime_call Java_java_lang_Class_forName0}
  0x00000001148991dc: 88b7 8cd2 | 885a a0f2 | 2800 c0f2 | 0001 3fd6 | a800 80d2 | 8843 03b9 | bf3b 03d5 | 8823 0d91 
  0x00000001148991fc: 08fd dfc8 | bf03 08eb | 4807 0054 | 8833 43b9 | 0807 0035 | e803 7db2 | 8903 0d91 | 28fd 9f88 
  0x000000011489921c: 88c3 4e39 | 1f09 0071 | 6005 0054 

  0x0000000114899228: ;   {external_word}
  0x0000000114899228: 882f f8d0 | 0849 5439 | 0809 0035 | 9f4b 01f9 | 9f4f 01f9 | a003 00b4 | 6003 0036 | 00f0 5ff8 
  0x0000000114899248: fd7b bfa9 | fd03 0091 | 89e3 4039 | 6902 0034 | 4002 00b4 | 8913 40f9 | e900 00b4 | 2921 00d1 
  0x0000000114899268: 8913 00f9 | 881b 40f9 | 2901 088b | 2001 00f9 | 0a00 0014 | e07f bfa9 | e103 1caa | e833 bfa9 
  0x0000000114899288: 88e7 82d2 | 088b a0f2 | 2800 c0f2 | 0001 3fd6 | e833 c1a8 | e07f c1a8 | bf03 0091 | fd7b c1a8 
  0x00000001148992a8: 0200 0014 | 0000 40f9 | 826f 40f9 | 5f80 00f9 | bf03 0091 | fd7b c1a8 | 8807 40f9 | 4800 00b5 
  0x00000001148992c8: c003 5fd6 

  0x00000001148992cc: ;   {runtime_call StubRoutines (1)}
  0x00000001148992cc: 6d7b e617 | a083 1ff8 

  0x00000001148992d4: ;   {runtime_call SharedRuntime::reguard_yellow_pages()}
  0x00000001148992d4: 0812 9ed2 | 0895 a0f2 | 2800 c0f2 | 0001 3fd6 | a083 5ff8 | d0ff ff17 | a083 1ff8 | e003 1caa 
  0x00000001148992f4: ;   {runtime_call JavaThread::check_special_condition_for_native_trans(JavaThread*)}
  0x00000001148992f4: 0836 89d2 | a897 a0f2 | 2800 c0f2 | 0001 3fd6 | a083 5ff8 | c2ff ff17 | e10b bda9 | e313 01a9 
  0x0000000114899314: e57f 02a9 

  0x0000000114899318: ;   {metadata({method} {0x000000080043e500} 'forName0' '(Ljava/lang/String;ZLjava/lang/ClassLoader;Ljava/lang/Class;)Ljava/lang/Class;' in 'java/lang/Class')}
  0x0000000114899318: 01a0 9cd2 | 6108 a0f2 | 0101 c0f2 | e003 1caa | e833 bfa9 | 08d8 99d2 | 0895 a0f2 | 2800 c0f2 
  0x0000000114899338: 0001 3fd6 | e833 c1a8 | e313 41a9 | e57f 42a9 | e10b c3a8 | a0ff ff17 | a083 1ff8 

  0x0000000114899354: ;   {metadata({method} {0x000000080043e500} 'forName0' '(Ljava/lang/String;ZLjava/lang/ClassLoader;Ljava/lang/Class;)Ljava/lang/Class;' in 'java/lang/Class')}
  0x0000000114899354: 01a0 9cd2 | 6108 a0f2 | 0101 c0f2 | e003 1caa | e833 bfa9 | 08ec 99d2 | 0895 a0f2 | 2800 c0f2 
  0x0000000114899374: 0001 3fd6 | e833 c1a8 | a083 5ff8 | adff ff17 | 0000 0000 
[/MachCode]


---------------  P R O C E S S  ---------------

Threads class SMR info:
_java_thread_list=0x0000600001fd2b40, length=51, elements={
0x0000000142817a00, 0x00000001438cdc00, 0x000000014380da00, 0x0000000142851a00,
0x0000000142854200, 0x000000012700a400, 0x000000012700aa00, 0x000000012700b000,
0x0000000127013600, 0x0000000142855200, 0x0000000142859600, 0x0000000127043c00,
0x00000001428b9c00, 0x0000000143bc0000, 0x0000000143da0600, 0x000000012704f200,
0x000000014333f600, 0x0000000142be9200, 0x00000001270fa600, 0x0000000143bc0600,
0x00000001435bac00, 0x00000001435dfa00, 0x00000001435ba000, 0x00000001436f5a00,
0x00000001435e0000, 0x0000000127b25200, 0x0000000143da3e00, 0x0000000126aa0e00,
0x0000000143ffca00, 0x0000000143756000, 0x0000000127311400, 0x0000000127fffa00,
0x0000000143734a00, 0x00000001409d1e00, 0x00000001270ff000, 0x00000001437ac000,
0x0000000126c36c00, 0x00000001401c2e00, 0x0000000140a11a00, 0x0000000140a12600,
0x0000000126d3a000, 0x000000014100b200, 0x0000000137908400, 0x00000001273b2000,
0x00000001401da600, 0x00000001401cc000, 0x00000001401cc600, 0x00000001401dac00,
0x00000001273bfa00, 0x00000001273b8800, 0x00000001273b8e00
}

Java Threads: ( => current thread )
  0x0000000142817a00 JavaThread "main" [_thread_blocked, id=8451, stack(0x000000016d1f0000,0x000000016d3f3000)]
  0x00000001438cdc00 JavaThread "Reference Handler" daemon [_thread_blocked, id=18435, stack(0x000000016e044000,0x000000016e247000)]
  0x000000014380da00 JavaThread "Finalizer" daemon [_thread_blocked, id=17923, stack(0x000000016e250000,0x000000016e453000)]
  0x0000000142851a00 JavaThread "Signal Dispatcher" daemon [_thread_blocked, id=31747, stack(0x000000016e574000,0x000000016e777000)]
  0x0000000142854200 JavaThread "Service Thread" daemon [_thread_blocked, id=24067, stack(0x000000016e780000,0x000000016e983000)]
  0x000000012700a400 JavaThread "Monitor Deflation Thread" daemon [_thread_blocked, id=24579, stack(0x000000016e98c000,0x000000016eb8f000)]
  0x000000012700aa00 JavaThread "C2 CompilerThread0" daemon [_thread_blocked, id=31491, stack(0x000000016eb98000,0x000000016ed9b000)]
  0x000000012700b000 JavaThread "C1 CompilerThread0" daemon [_thread_blocked, id=25091, stack(0x000000016eda4000,0x000000016efa7000)]
  0x0000000127013600 JavaThread "Sweeper thread" daemon [_thread_blocked, id=30979, stack(0x000000016efb0000,0x000000016f1b3000)]
  0x0000000142855200 JavaThread "Common-Cleaner" daemon [_thread_blocked, id=30723, stack(0x000000016f1bc000,0x000000016f3bf000)]
  0x0000000142859600 JavaThread "Notification Thread" daemon [_thread_blocked, id=25859, stack(0x000000016f3c8000,0x000000016f5cb000)]
  0x0000000127043c00 JavaThread "C2 CompilerThread1" daemon [_thread_blocked, id=26371, stack(0x000000016f7e0000,0x000000016f9e3000)]
  0x00000001428b9c00 JavaThread "C2 CompilerThread2" daemon [_thread_blocked, id=26627, stack(0x000000016f9ec000,0x000000016fbef000)]
  0x0000000143bc0000 JavaThread "Daemon health stats" [_thread_blocked, id=32771, stack(0x0000000178834000,0x0000000178a37000)]
  0x0000000143da0600 JavaThread "Incoming local TCP Connector on port 57465" [_thread_in_native, id=43267, stack(0x0000000178a40000,0x0000000178c43000)]
  0x000000012704f200 JavaThread "Daemon periodic checks" [_thread_blocked, id=43011, stack(0x0000000178c4c000,0x0000000178e4f000)]
  0x000000014333f600 JavaThread "Daemon" [_thread_blocked, id=33795, stack(0x0000000178e58000,0x000000017905b000)]
  0x0000000142be9200 JavaThread "Handler for socket connection from /127.0.0.1:57465 to /127.0.0.1:57466" [_thread_in_native, id=34051, stack(0x0000000179064000,0x0000000179267000)]
  0x00000001270fa600 JavaThread "Cancel handler" [_thread_blocked, id=34307, stack(0x0000000179270000,0x0000000179473000)]
=>0x0000000143bc0600 JavaThread "Daemon worker" [_thread_in_vm, id=42243, stack(0x000000017947c000,0x000000017967f000)]
  0x00000001435bac00 JavaThread "Asynchronous log dispatcher for DefaultDaemonConnection: socket connection from /127.0.0.1:57465 to /127.0.0.1:57466" [_thread_blocked, id=35075, stack(0x0000000179688000,0x000000017988b000)]
  0x00000001435dfa00 JavaThread "Stdin handler" [_thread_blocked, id=41987, stack(0x0000000179894000,0x0000000179a97000)]
  0x00000001435ba000 JavaThread "Daemon client event forwarder" [_thread_blocked, id=41475, stack(0x0000000179aa0000,0x0000000179ca3000)]
  0x00000001436f5a00 JavaThread "Cache worker for journal cache (/Users/andrewyin/.gradle/caches/journal-1)" [_thread_blocked, id=40963, stack(0x0000000179cac000,0x0000000179eaf000)]
  0x00000001435e0000 JavaThread "File lock request listener" [_thread_in_native, id=35843, stack(0x0000000179eb8000,0x000000017a0bb000)]
  0x0000000127b25200 JavaThread "Cache worker for file hash cache (/Users/andrewyin/.gradle/caches/8.4/fileHashes)" [_thread_blocked, id=36099, stack(0x000000017a0c4000,0x000000017a2c7000)]
  0x0000000143da3e00 JavaThread "File watcher server" daemon [_thread_in_native, id=40451, stack(0x000000017a2d0000,0x000000017a4d3000)]
  0x0000000126aa0e00 JavaThread "File watcher consumer" daemon [_thread_blocked, id=37123, stack(0x000000017a4dc000,0x000000017a6df000)]
  0x0000000143ffca00 JavaThread "Cache worker for checksums cache (/Users/andrewyin/Desktop/The Moddus Doltus/dolt-mod-how/.gradle/8.4/checksums)" [_thread_blocked, id=37379, stack(0x000000017a6e8000,0x000000017a8eb000)]
  0x0000000143756000 JavaThread "Cache worker for file hash cache (/Users/andrewyin/Desktop/The Moddus Doltus/dolt-mod-how/.gradle/8.4/fileHashes)" [_thread_blocked, id=37891, stack(0x000000017a8f4000,0x000000017aaf7000)]
  0x0000000127311400 JavaThread "Cache worker for cache directory md-supplier (/Users/andrewyin/.gradle/caches/8.4/md-supplier)" [_thread_blocked, id=38147, stack(0x000000017ab00000,0x000000017ad03000)]
  0x0000000127fffa00 JavaThread "Cache worker for file content cache (/Users/andrewyin/.gradle/caches/8.4/fileContent)" [_thread_blocked, id=43779, stack(0x000000017b330000,0x000000017b533000)]
  0x0000000143734a00 JavaThread "Cache worker for cache directory md-rule (/Users/andrewyin/.gradle/caches/8.4/md-rule)" [_thread_blocked, id=44291, stack(0x000000017b53c000,0x000000017b73f000)]
  0x00000001409d1e00 JavaThread "Cache worker for execution history cache (/Users/andrewyin/.gradle/caches/8.4/executionHistory)" [_thread_blocked, id=64259, stack(0x000000017b748000,0x000000017b94b000)]
  0x00000001270ff000 JavaThread "jar transforms" [_thread_blocked, id=64003, stack(0x000000017b954000,0x000000017bb57000)]
  0x00000001437ac000 JavaThread "jar transforms Thread 2" [_thread_blocked, id=45059, stack(0x000000017bb60000,0x000000017bd63000)]
  0x0000000126c36c00 JavaThread "jar transforms Thread 3" [_thread_blocked, id=63235, stack(0x000000017bf78000,0x000000017c17b000)]
  0x00000001401c2e00 JavaThread "jar transforms Thread 4" [_thread_blocked, id=62723, stack(0x000000017c184000,0x000000017c387000)]
  0x0000000140a11a00 JavaThread "jar transforms Thread 5" [_thread_blocked, id=46083, stack(0x000000017c390000,0x000000017c593000)]
  0x0000000140a12600 JavaThread "jar transforms Thread 6" [_thread_blocked, id=62467, stack(0x000000017c59c000,0x000000017c79f000)]
  0x0000000126d3a000 JavaThread "jar transforms Thread 7" [_thread_blocked, id=46851, stack(0x000000017c7a8000,0x000000017c9ab000)]
  0x000000014100b200 JavaThread "jar transforms Thread 8" [_thread_blocked, id=62211, stack(0x000000017c9b4000,0x000000017cbb7000)]
  0x0000000137908400 JavaThread "Cache worker for dependencies-accessors (/Users/andrewyin/Desktop/The Moddus Doltus/dolt-mod-how/.gradle/8.4/dependencies-accessors)" [_thread_blocked, id=61699, stack(0x000000017cbc0000,0x000000017cdc3000)]
  0x00000001273b2000 JavaThread "Cache worker for Build Output Cleanup Cache (/Users/andrewyin/Desktop/The Moddus Doltus/dolt-mod-how/.gradle/buildOutputCleanup)" [_thread_blocked, id=47363, stack(0x000000017cdcc000,0x000000017cfcf000)]
  0x00000001401da600 JavaThread "Unconstrained build operations" [_thread_blocked, id=47619, stack(0x000000017cfd8000,0x000000017d1db000)]
  0x00000001401cc000 JavaThread "Unconstrained build operations Thread 2" [_thread_blocked, id=48131, stack(0x000000017d1e4000,0x000000017d3e7000)]
  0x00000001401cc600 JavaThread "Unconstrained build operations Thread 3" [_thread_blocked, id=48387, stack(0x000000017d3f0000,0x000000017d5f3000)]
  0x00000001401dac00 JavaThread "Unconstrained build operations Thread 4" [_thread_blocked, id=48899, stack(0x000000017d5fc000,0x000000017d7ff000)]
  0x00000001273bfa00 JavaThread "Unconstrained build operations Thread 5" [_thread_blocked, id=60675, stack(0x000000017d808000,0x000000017da0b000)]
  0x00000001273b8800 JavaThread "Unconstrained build operations Thread 6" [_thread_blocked, id=49411, stack(0x000000017da14000,0x000000017dc17000)]
  0x00000001273b8e00 JavaThread "Unconstrained build operations Thread 7" [_thread_blocked, id=59907, stack(0x000000017dc20000,0x000000017de23000)]

Other Threads:
  0x0000000142609810 VMThread "VM Thread" [stack: 0x000000016de38000,0x000000016e03b000] [id=17411] _threads_hazard_ptr=0x0000600001fd2b40
  0x00000001426103d0 WatcherThread [stack: 0x000000016f5d4000,0x000000016f7d7000] [id=29955]
  0x0000000142607f10 GCTaskThread "GC Thread#0" [stack: 0x000000016d3fc000,0x000000016d5ff000] [id=13571]
  0x0000000136204710 GCTaskThread "GC Thread#1" [stack: 0x000000016fbf8000,0x000000016fdfb000] [id=26883]
  0x000000014402b1d0 GCTaskThread "GC Thread#2" [stack: 0x0000000178004000,0x0000000178207000] [id=28931]
  0x00000001362049c0 GCTaskThread "GC Thread#3" [stack: 0x0000000178210000,0x0000000178413000] [id=28419]
  0x000000014270a2a0 GCTaskThread "GC Thread#4" [stack: 0x000000017841c000,0x000000017861f000] [id=27907]
  0x000000014270a560 GCTaskThread "GC Thread#5" [stack: 0x0000000178628000,0x000000017882b000] [id=27651]
  0x00000001427468b0 GCTaskThread "GC Thread#6" [stack: 0x000000017ad0c000,0x000000017af0f000] [id=38403]
  0x000000014263c320 GCTaskThread "GC Thread#7" [stack: 0x000000017af18000,0x000000017b11b000] [id=43523]
  0x00000001426085c0 ConcurrentGCThread "G1 Main Marker" [stack: 0x000000016d608000,0x000000016d80b000] [id=13827]
  0x00000001440048a0 ConcurrentGCThread "G1 Conc#0" [stack: 0x000000016d814000,0x000000016da17000] [id=14595]
  0x000000014263c5d0 ConcurrentGCThread "G1 Conc#1" [stack: 0x000000017b124000,0x000000017b327000] [id=65027]
  0x00000001440065d0 ConcurrentGCThread "G1 Refine#0" [stack: 0x000000016da20000,0x000000016dc23000] [id=21251]
  0x0000000142645ec0 ConcurrentGCThread "G1 Refine#1" [stack: 0x000000017bd6c000,0x000000017bf6f000] [id=63491]
  0x0000000144006e70 ConcurrentGCThread "G1 Service" [stack: 0x000000016dc2c000,0x000000016de2f000] [id=20739]

Threads with active compile tasks:

VM state: not at safepoint (normal execution)

VM Mutex/Monitor currently owned by a thread: None

Heap address: 0x0000000700000000, size: 4096 MB, Compressed Oops mode: Zero based, Oop shift amount: 3

CDS archive(s) mapped at: [0x0000000800000000-0x0000000800bc0000-0x0000000800bc0000), size 12320768, SharedBaseAddress: 0x0000000800000000, ArchiveRelocationMode: 1.
Compressed class space mapped at: 0x0000000801000000-0x0000000841000000, reserved size: 1073741824
Narrow klass base: 0x0000000800000000, Narrow klass shift: 0, Narrow klass range: 0x100000000

GC Precious Log:
 CPUs: 8 total, 8 available
 Memory: 16384M
 Large Page Support: Disabled
 NUMA Support: Disabled
 Compressed Oops: Enabled (Zero based)
 Heap Region Size: 2M
 Heap Min Capacity: 8M
 Heap Initial Capacity: 256M
 Heap Max Capacity: 4G
 Pre-touch: Disabled
 Parallel Workers: 8
 Concurrent Workers: 2
 Concurrent Refinement Workers: 8
 Periodic GC: Disabled

Heap:
 garbage-first heap   total 122880K, used 54929K [0x0000000700000000, 0x0000000800000000)
  region size 2048K, 10 young (20480K), 1 survivors (2048K)
 Metaspace       used 43111K, committed 43584K, reserved 1114112K
  class space    used 6089K, committed 6336K, reserved 1048576K

Heap Regions: E=young(eden), S=young(survivor), O=old, HS=humongous(starts), HC=humongous(continues), CS=collection set, F=free, OA=open archive, CA=closed archive, TAMS=top-at-mark-start (previous, next)
|   0|0x0000000700000000, 0x0000000700200000, 0x0000000700200000|100%|HS|  |TAMS 0x0000000700200000, 0x0000000700000000| Complete 
|   1|0x0000000700200000, 0x0000000700400000, 0x0000000700400000|100%|HC|  |TAMS 0x0000000700400000, 0x0000000700200000| Complete 
|   2|0x0000000700400000, 0x0000000700600000, 0x0000000700600000|100%| O|  |TAMS 0x0000000700600000, 0x0000000700400000| Untracked 
|   3|0x0000000700600000, 0x0000000700800000, 0x0000000700800000|100%| O|  |TAMS 0x0000000700800000, 0x0000000700600000| Untracked 
|   4|0x0000000700800000, 0x0000000700a00000, 0x0000000700a00000|100%| O|  |TAMS 0x0000000700a00000, 0x0000000700800000| Untracked 
|   5|0x0000000700a00000, 0x0000000700c00000, 0x0000000700c00000|100%| O|  |TAMS 0x0000000700a00000, 0x0000000700a00000| Untracked 
|   6|0x0000000700c00000, 0x0000000700e00000, 0x0000000700e00000|100%| O|  |TAMS 0x0000000700e00000, 0x0000000700c00000| Untracked 
|   7|0x0000000700e00000, 0x0000000701000000, 0x0000000701000000|100%| O|  |TAMS 0x0000000701000000, 0x0000000700e00000| Untracked 
|   8|0x0000000701000000, 0x0000000701200000, 0x0000000701200000|100%| O|  |TAMS 0x0000000701200000, 0x0000000701000000| Untracked 
|   9|0x0000000701200000, 0x0000000701400000, 0x0000000701400000|100%| O|  |TAMS 0x0000000701400000, 0x0000000701200000| Untracked 
|  10|0x0000000701400000, 0x0000000701600000, 0x0000000701600000|100%| O|  |TAMS 0x0000000701600000, 0x0000000701400000| Untracked 
|  11|0x0000000701600000, 0x0000000701800000, 0x0000000701800000|100%| O|  |TAMS 0x0000000701800000, 0x0000000701600000| Untracked 
|  12|0x0000000701800000, 0x0000000701a00000, 0x0000000701a00000|100%| O|  |TAMS 0x0000000701800000, 0x0000000701800000| Untracked 
|  13|0x0000000701a00000, 0x0000000701c00000, 0x0000000701c00000|100%| O|  |TAMS 0x0000000701a00000, 0x0000000701a00000| Untracked 
|  14|0x0000000701c00000, 0x0000000701e00000, 0x0000000701e00000|100%| O|  |TAMS 0x0000000701c00000, 0x0000000701c00000| Untracked 
|  15|0x0000000701e00000, 0x0000000702000000, 0x0000000702000000|100%| O|  |TAMS 0x0000000702000000, 0x0000000701e00000| Untracked 
|  16|0x0000000702000000, 0x0000000702200000, 0x0000000702200000|100%|HS|  |TAMS 0x0000000702000000, 0x0000000702000000| Complete 
|  17|0x0000000702200000, 0x0000000702335800, 0x0000000702400000| 60%| O|  |TAMS 0x0000000702200000, 0x0000000702200000| Untracked 
|  18|0x0000000702400000, 0x0000000702400000, 0x0000000702600000|  0%| F|  |TAMS 0x0000000702400000, 0x0000000702400000| Untracked 
|  19|0x0000000702600000, 0x0000000702600000, 0x0000000702800000|  0%| F|  |TAMS 0x0000000702600000, 0x0000000702600000| Untracked 
|  20|0x0000000702800000, 0x0000000702800000, 0x0000000702a00000|  0%| F|  |TAMS 0x0000000702800000, 0x0000000702800000| Untracked 
|  21|0x0000000702a00000, 0x0000000702a00000, 0x0000000702c00000|  0%| F|  |TAMS 0x0000000702a00000, 0x0000000702a00000| Untracked 
|  22|0x0000000702c00000, 0x0000000702c00000, 0x0000000702e00000|  0%| F|  |TAMS 0x0000000702c00000, 0x0000000702c00000| Untracked 
|  23|0x0000000702e00000, 0x0000000702e00000, 0x0000000703000000|  0%| F|  |TAMS 0x0000000702e00000, 0x0000000702e00000| Untracked 
|  24|0x0000000703000000, 0x0000000703000000, 0x0000000703200000|  0%| F|  |TAMS 0x0000000703000000, 0x0000000703000000| Untracked 
|  25|0x0000000703200000, 0x0000000703200000, 0x0000000703400000|  0%| F|  |TAMS 0x0000000703200000, 0x0000000703200000| Untracked 
|  26|0x0000000703400000, 0x0000000703400000, 0x0000000703600000|  0%| F|  |TAMS 0x0000000703400000, 0x0000000703400000| Untracked 
|  27|0x0000000703600000, 0x0000000703600000, 0x0000000703800000|  0%| F|  |TAMS 0x0000000703600000, 0x0000000703600000| Untracked 
|  28|0x0000000703800000, 0x0000000703800000, 0x0000000703a00000|  0%| F|  |TAMS 0x0000000703800000, 0x0000000703800000| Untracked 
|  29|0x0000000703a00000, 0x0000000703a00000, 0x0000000703c00000|  0%| F|  |TAMS 0x0000000703a00000, 0x0000000703a00000| Untracked 
|  30|0x0000000703c00000, 0x0000000703c00000, 0x0000000703e00000|  0%| F|  |TAMS 0x0000000703c00000, 0x0000000703c00000| Untracked 
|  31|0x0000000703e00000, 0x0000000703e00000, 0x0000000704000000|  0%| F|  |TAMS 0x0000000703e00000, 0x0000000703e00000| Untracked 
|  32|0x0000000704000000, 0x0000000704000000, 0x0000000704200000|  0%| F|  |TAMS 0x0000000704000000, 0x0000000704000000| Untracked 
|  33|0x0000000704200000, 0x0000000704200000, 0x0000000704400000|  0%| F|  |TAMS 0x0000000704200000, 0x0000000704200000| Untracked 
|  34|0x0000000704400000, 0x0000000704400000, 0x0000000704600000|  0%| F|  |TAMS 0x0000000704400000, 0x0000000704400000| Untracked 
|  35|0x0000000704600000, 0x0000000704600000, 0x0000000704800000|  0%| F|  |TAMS 0x0000000704600000, 0x0000000704600000| Untracked 
|  36|0x0000000704800000, 0x0000000704800000, 0x0000000704a00000|  0%| F|  |TAMS 0x0000000704800000, 0x0000000704800000| Untracked 
|  37|0x0000000704a00000, 0x0000000704a00000, 0x0000000704c00000|  0%| F|  |TAMS 0x0000000704a00000, 0x0000000704a00000| Untracked 
|  38|0x0000000704c00000, 0x0000000704c00000, 0x0000000704e00000|  0%| F|  |TAMS 0x0000000704c00000, 0x0000000704c00000| Untracked 
|  39|0x0000000704e00000, 0x0000000704e00000, 0x0000000705000000|  0%| F|  |TAMS 0x0000000704e00000, 0x0000000704e00000| Untracked 
|  40|0x0000000705000000, 0x0000000705000000, 0x0000000705200000|  0%| F|  |TAMS 0x0000000705000000, 0x0000000705000000| Untracked 
|  41|0x0000000705200000, 0x0000000705200000, 0x0000000705400000|  0%| F|  |TAMS 0x0000000705200000, 0x0000000705200000| Untracked 
|  42|0x0000000705400000, 0x0000000705400000, 0x0000000705600000|  0%| F|  |TAMS 0x0000000705400000, 0x0000000705400000| Untracked 
|  43|0x0000000705600000, 0x0000000705600000, 0x0000000705800000|  0%| F|  |TAMS 0x0000000705600000, 0x0000000705600000| Untracked 
|  44|0x0000000705800000, 0x0000000705800000, 0x0000000705a00000|  0%| F|  |TAMS 0x0000000705800000, 0x0000000705800000| Untracked 
|  45|0x0000000705a00000, 0x0000000705a00000, 0x0000000705c00000|  0%| F|  |TAMS 0x0000000705a00000, 0x0000000705a00000| Untracked 
|  46|0x0000000705c00000, 0x0000000705c00000, 0x0000000705e00000|  0%| F|  |TAMS 0x0000000705c00000, 0x0000000705c00000| Untracked 
|  47|0x0000000705e00000, 0x0000000705e00000, 0x0000000706000000|  0%| F|  |TAMS 0x0000000705e00000, 0x0000000705e00000| Untracked 
|  48|0x0000000706000000, 0x00000007060fe550, 0x0000000706200000| 49%| E|  |TAMS 0x0000000706000000, 0x0000000706000000| Complete 
|  49|0x0000000706200000, 0x0000000706400000, 0x0000000706400000|100%| E|CS|TAMS 0x0000000706200000, 0x0000000706200000| Complete 
|  50|0x0000000706400000, 0x0000000706600000, 0x0000000706600000|100%| E|CS|TAMS 0x0000000706400000, 0x0000000706400000| Complete 
|  64|0x0000000708000000, 0x0000000708200000, 0x0000000708200000|100%| E|CS|TAMS 0x0000000708000000, 0x0000000708000000| Complete 
|  65|0x0000000708200000, 0x0000000708400000, 0x0000000708400000|100%| E|CS|TAMS 0x0000000708200000, 0x0000000708200000| Complete 
|  66|0x0000000708400000, 0x0000000708600000, 0x0000000708600000|100%| E|CS|TAMS 0x0000000708400000, 0x0000000708400000| Complete 
|  67|0x0000000708600000, 0x0000000708800000, 0x0000000708800000|100%| E|CS|TAMS 0x0000000708600000, 0x0000000708600000| Complete 
|  68|0x0000000708800000, 0x0000000708a00000, 0x0000000708a00000|100%| E|CS|TAMS 0x0000000708800000, 0x0000000708800000| Complete 
|  69|0x0000000708a00000, 0x0000000708a86e68, 0x0000000708c00000| 26%| S|CS|TAMS 0x0000000708a00000, 0x0000000708a00000| Complete 
| 127|0x000000070fe00000, 0x0000000710000000, 0x0000000710000000|100%| E|CS|TAMS 0x000000070fe00000, 0x000000070fe00000| Complete 
|2046|0x00000007ffc00000, 0x00000007ffd74000, 0x00000007ffe00000| 72%|OA|  |TAMS 0x00000007ffd74000, 0x00000007ffc00000| Untracked 
|2047|0x00000007ffe00000, 0x00000007ffe74000, 0x0000000800000000| 22%|CA|  |TAMS 0x00000007ffe74000, 0x00000007ffe00000| Untracked 

Card table byte_map: [0x00000001039c4000,0x00000001041c4000] _byte_map_base: 0x00000001001c4000

Marking Bits (Prev, Next): (CMBitMap*) 0x0000000142810610, (CMBitMap*) 0x0000000142810650
 Prev Bits: [0x000000011c504000, 0x0000000120504000)
 Next Bits: [0x0000000120504000, 0x0000000124504000)

Polling page: 0x0000000102cb0000

Metaspace:

Usage:
  Non-class:     36.15 MB used.
      Class:      5.95 MB used.
       Both:     42.10 MB used.

Virtual space:
  Non-class space:       64.00 MB reserved,      36.38 MB ( 57%) committed,  1 nodes.
      Class space:        1.00 GB reserved,       6.19 MB ( <1%) committed,  1 nodes.
             Both:        1.06 GB reserved,      42.56 MB (  4%) committed. 

Chunk freelists:
   Non-Class:  11.00 MB
       Class:  9.86 MB
        Both:  20.86 MB

MaxMetaspaceSize: unlimited
CompressedClassSpaceSize: 1.00 GB
Initial GC threshold: 21.00 MB
Current GC threshold: 59.00 MB
CDS: on
MetaspaceReclaimPolicy: balanced
 - commit_granule_bytes: 65536.
 - commit_granule_words: 8192.
 - virtual_space_node_default_size: 8388608.
 - enlarge_chunks_in_place: 1.
 - new_chunks_are_fully_committed: 0.
 - uncommit_free_chunks: 1.
 - use_allocation_guard: 0.
 - handle_deallocations: 1.


Internal statistics:

num_allocs_failed_limit: 6.
num_arena_births: 452.
num_arena_deaths: 0.
num_vsnodes_births: 2.
num_vsnodes_deaths: 0.
num_space_committed: 681.
num_space_uncommitted: 0.
num_chunks_returned_to_freelist: 6.
num_chunks_taken_from_freelist: 2086.
num_chunk_merges: 6.
num_chunk_splits: 1405.
num_chunks_enlarged: 976.
num_inconsistent_stats: 0.

CodeHeap 'non-profiled nmethods': size=120032Kb used=3156Kb max_used=3156Kb free=116875Kb
 bounds [0x00000001147cc000, 0x0000000114aec000, 0x000000011bd04000]
CodeHeap 'profiled nmethods': size=120016Kb used=10483Kb max_used=10483Kb free=109532Kb
 bounds [0x000000010cd04000, 0x000000010d744000, 0x0000000114238000]
CodeHeap 'non-nmethods': size=5712Kb used=1861Kb max_used=1979Kb free=3850Kb
 bounds [0x0000000114238000, 0x00000001144a8000, 0x00000001147cc000]
 total_blobs=5779 nmethods=4956 adapters=739
 compilation: enabled
              stopped_count=0, restarted_count=0
 full_count=0

Compilation events (20 events):
Event: 2.057 Thread 0x000000012700b000 5147       3       java.util.regex.Pattern$Branch::match (66 bytes)
Event: 2.057 Thread 0x000000012700b000 nmethod 5147 0x000000010d73b110 code [0x000000010d73b300, 0x000000010d73b7f8]
Event: 2.057 Thread 0x000000012700b000 5148       3       java.lang.String$CaseInsensitiveComparator::compare (13 bytes)
Event: 2.057 Thread 0x00000001428b9c00 nmethod 5146 0x0000000114adf310 code [0x0000000114adf4c0, 0x0000000114adf680]
Event: 2.057 Thread 0x0000000127043c00 5150   !   4       sun.instrument.TransformerManager::transform (100 bytes)
Event: 2.057 Thread 0x000000012700b000 nmethod 5148 0x000000010d73b990 code [0x000000010d73bb40, 0x000000010d73be88]
Event: 2.057 Thread 0x000000012700b000 5149       3       java.lang.String$CaseInsensitiveComparator::compare (68 bytes)
Event: 2.057 Thread 0x000000012700b000 nmethod 5149 0x000000010d73bf90 code [0x000000010d73c200, 0x000000010d73c718]
Event: 2.059 Thread 0x000000012700b000 5151       3       java.security.Provider$ServiceKey::<init> (39 bytes)
Event: 2.059 Thread 0x000000012700b000 nmethod 5151 0x000000010d73c910 code [0x000000010d73cb40, 0x000000010d73d0a8]
Event: 2.059 Thread 0x000000012700b000 5152       1       sun.security.util.KnownOIDs::aliases (5 bytes)
Event: 2.059 Thread 0x000000012700b000 nmethod 5152 0x0000000114adf810 code [0x0000000114adf980, 0x0000000114adfa18]
Event: 2.059 Thread 0x000000012700b000 5153       3       java.security.Provider::checkInitialized (16 bytes)
Event: 2.059 Thread 0x000000012700b000 nmethod 5153 0x000000010d73d290 code [0x000000010d73d440, 0x000000010d73d648]
Event: 2.059 Thread 0x000000012700b000 5154       3       java.security.Provider$Service::<init> (200 bytes)
Event: 2.060 Thread 0x0000000127043c00 nmethod 5150 0x0000000114adfb10 code [0x0000000114adfd00, 0x0000000114ae01d0]
Event: 2.060 Thread 0x000000012700b000 nmethod 5154 0x000000010d73d790 code [0x000000010d73dc00, 0x000000010d73f688]
Event: 2.060 Thread 0x000000012700b000 5155       3       java.security.Provider::getEngineName (49 bytes)
Event: 2.060 Thread 0x000000012700b000 nmethod 5155 0x000000010d73fe90 code [0x000000010d740100, 0x000000010d740a18]
Event: 2.060 Thread 0x000000012700aa00 nmethod 5145 0x0000000114ae0590 code [0x0000000114ae07c0, 0x0000000114ae0dd0]

GC Heap History (18 events):
Event: 0.246 GC heap before
{Heap before GC invocations=0 (full 0):
 garbage-first heap   total 266240K, used 26528K [0x0000000700000000, 0x0000000800000000)
  region size 2048K, 11 young (22528K), 0 survivors (0K)
 Metaspace       used 3035K, committed 3136K, reserved 1114112K
  class space    used 398K, committed 448K, reserved 1048576K
}
Event: 0.251 GC heap after
{Heap after GC invocations=1 (full 0):
 garbage-first heap   total 266240K, used 12000K [0x0000000700000000, 0x0000000800000000)
  region size 2048K, 2 young (4096K), 2 survivors (4096K)
 Metaspace       used 3035K, committed 3136K, reserved 1114112K
  class space    used 398K, committed 448K, reserved 1048576K
}
Event: 0.419 GC heap before
{Heap before GC invocations=1 (full 0):
 garbage-first heap   total 266240K, used 38624K [0x0000000700000000, 0x0000000800000000)
  region size 2048K, 16 young (32768K), 2 survivors (4096K)
 Metaspace       used 4301K, committed 4480K, reserved 1114112K
  class space    used 541K, committed 640K, reserved 1048576K
}
Event: 0.420 GC heap after
{Heap after GC invocations=2 (full 0):
 garbage-first heap   total 266240K, used 16419K [0x0000000700000000, 0x0000000800000000)
  region size 2048K, 2 young (4096K), 2 survivors (4096K)
 Metaspace       used 4301K, committed 4480K, reserved 1114112K
  class space    used 541K, committed 640K, reserved 1048576K
}
Event: 1.086 GC heap before
{Heap before GC invocations=2 (full 0):
 garbage-first heap   total 266240K, used 129059K [0x0000000700000000, 0x0000000800000000)
  region size 2048K, 58 young (118784K), 2 survivors (4096K)
 Metaspace       used 21207K, committed 21504K, reserved 1114112K
  class space    used 3203K, committed 3328K, reserved 1048576K
}
Event: 1.092 GC heap after
{Heap after GC invocations=3 (full 0):
 garbage-first heap   total 266240K, used 23416K [0x0000000700000000, 0x0000000800000000)
  region size 2048K, 6 young (12288K), 6 survivors (12288K)
 Metaspace       used 21207K, committed 21504K, reserved 1114112K
  class space    used 3203K, committed 3328K, reserved 1048576K
}
Event: 1.405 GC heap before
{Heap before GC invocations=4 (full 0):
 garbage-first heap   total 102400K, used 78712K [0x0000000700000000, 0x0000000800000000)
  region size 2048K, 33 young (67584K), 6 survivors (12288K)
 Metaspace       used 30732K, committed 31104K, reserved 1114112K
  class space    used 4436K, committed 4608K, reserved 1048576K
}
Event: 1.409 GC heap after
{Heap after GC invocations=5 (full 0):
 garbage-first heap   total 102400K, used 28526K [0x0000000700000000, 0x0000000800000000)
  region size 2048K, 3 young (6144K), 3 survivors (6144K)
 Metaspace       used 30732K, committed 31104K, reserved 1114112K
  class space    used 4436K, committed 4608K, reserved 1048576K
}
Event: 1.425 GC heap before
{Heap before GC invocations=5 (full 0):
 garbage-first heap   total 102400K, used 30574K [0x0000000700000000, 0x0000000800000000)
  region size 2048K, 4 young (8192K), 3 survivors (6144K)
 Metaspace       used 30949K, committed 31296K, reserved 1114112K
  class space    used 4456K, committed 4608K, reserved 1048576K
}
Event: 1.427 GC heap after
{Heap after GC invocations=6 (full 0):
 garbage-first heap   total 122880K, used 28743K [0x0000000700000000, 0x0000000800000000)
  region size 2048K, 1 young (2048K), 1 survivors (2048K)
 Metaspace       used 30949K, committed 31296K, reserved 1114112K
  class space    used 4456K, committed 4608K, reserved 1048576K
}
Event: 1.670 GC heap before
{Heap before GC invocations=6 (full 0):
 garbage-first heap   total 122880K, used 88135K [0x0000000700000000, 0x0000000800000000)
  region size 2048K, 29 young (59392K), 1 survivors (2048K)
 Metaspace       used 35682K, committed 36032K, reserved 1114112K
  class space    used 5034K, committed 5184K, reserved 1048576K
}
Event: 1.672 GC heap after
{Heap after GC invocations=7 (full 0):
 garbage-first heap   total 122880K, used 32708K [0x0000000700000000, 0x0000000800000000)
  region size 2048K, 3 young (6144K), 3 survivors (6144K)
 Metaspace       used 35682K, committed 36032K, reserved 1114112K
  class space    used 5034K, committed 5184K, reserved 1048576K
}
Event: 1.673 GC heap before
{Heap before GC invocations=7 (full 0):
 garbage-first heap   total 122880K, used 32708K [0x0000000700000000, 0x0000000800000000)
  region size 2048K, 4 young (8192K), 3 survivors (6144K)
 Metaspace       used 35714K, committed 36096K, reserved 1114112K
  class space    used 5041K, committed 5184K, reserved 1048576K
}
Event: 1.675 GC heap after
{Heap after GC invocations=8 (full 0):
 garbage-first heap   total 122880K, used 33413K [0x0000000700000000, 0x0000000800000000)
  region size 2048K, 1 young (2048K), 1 survivors (2048K)
 Metaspace       used 35714K, committed 36096K, reserved 1114112K
  class space    used 5041K, committed 5184K, reserved 1048576K
}
Event: 1.932 GC heap before
{Heap before GC invocations=9 (full 0):
 garbage-first heap   total 122880K, used 90757K [0x0000000700000000, 0x0000000800000000)
  region size 2048K, 30 young (61440K), 1 survivors (2048K)
 Metaspace       used 41080K, committed 41536K, reserved 1114112K
  class space    used 5806K, committed 6016K, reserved 1048576K
}
Event: 1.935 GC heap after
{Heap after GC invocations=10 (full 0):
 garbage-first heap   total 122880K, used 36638K [0x0000000700000000, 0x0000000800000000)
  region size 2048K, 2 young (4096K), 2 survivors (4096K)
 Metaspace       used 41080K, committed 41536K, reserved 1114112K
  class space    used 5806K, committed 6016K, reserved 1048576K
}
Event: 1.945 GC heap before
{Heap before GC invocations=10 (full 0):
 garbage-first heap   total 122880K, used 38686K [0x0000000700000000, 0x0000000800000000)
  region size 2048K, 3 young (6144K), 2 survivors (4096K)
 Metaspace       used 41314K, committed 41792K, reserved 1114112K
  class space    used 5839K, committed 6080K, reserved 1048576K
}
Event: 1.948 GC heap after
{Heap after GC invocations=11 (full 0):
 garbage-first heap   total 122880K, used 36497K [0x0000000700000000, 0x0000000800000000)
  region size 2048K, 1 young (2048K), 1 survivors (2048K)
 Metaspace       used 41314K, committed 41792K, reserved 1114112K
  class space    used 5839K, committed 6080K, reserved 1048576K
}

Dll operation events (13 events):
Event: 0.004 Loaded shared library /Users/andrewyin/Library/Java/JavaVirtualMachines/corretto-17.0.10/Contents/Home/lib/libjava.dylib
Event: 0.029 Loaded shared library /Users/andrewyin/Library/Java/JavaVirtualMachines/corretto-17.0.10/Contents/Home/lib/libzip.dylib
Event: 0.030 Loaded shared library /Users/andrewyin/Library/Java/JavaVirtualMachines/corretto-17.0.10/Contents/Home/lib/libinstrument.dylib
Event: 0.032 Loaded shared library /Users/andrewyin/Library/Java/JavaVirtualMachines/corretto-17.0.10/Contents/Home/lib/libnio.dylib
Event: 0.036 Loaded shared library /Users/andrewyin/Library/Java/JavaVirtualMachines/corretto-17.0.10/Contents/Home/lib/libzip.dylib
Event: 0.101 Loaded shared library /Users/andrewyin/Library/Java/JavaVirtualMachines/corretto-17.0.10/Contents/Home/lib/libjimage.dylib
Event: 0.130 Loaded shared library /Users/andrewyin/Library/Java/JavaVirtualMachines/corretto-17.0.10/Contents/Home/lib/libverify.dylib
Event: 0.198 Loaded shared library /Users/andrewyin/Library/Java/JavaVirtualMachines/corretto-17.0.10/Contents/Home/lib/libnet.dylib
Event: 0.202 Loaded shared library /Users/andrewyin/.gradle/native/c067742578af261105cb4f569cf0c3c89f3d7b1fecec35dd04571415982c5e48/osx-aarch64/libnative-platform.dylib
Event: 0.205 Loaded shared library /Users/andrewyin/.gradle/native/38dada09dfb8b06ba9b0570ebf7e218e3eb74d4ef43ca46872605cf95ebc2f47/osx-aarch64/libnative-platform-file-events.dylib
Event: 0.504 Loaded shared library /Users/andrewyin/Library/Java/JavaVirtualMachines/corretto-17.0.10/Contents/Home/lib/libmanagement.dylib
Event: 0.505 Loaded shared library /Users/andrewyin/Library/Java/JavaVirtualMachines/corretto-17.0.10/Contents/Home/lib/libmanagement_ext.dylib
Event: 0.566 Loaded shared library /Users/andrewyin/Library/Java/JavaVirtualMachines/corretto-17.0.10/Contents/Home/lib/libextnet.dylib

Deoptimization events (20 events):
Event: 2.057 Thread 0x0000000143bc0600 Uncommon trap: trap_request=0xffffffc6 fr.pc=0x00000001149f79f0 relative=0x0000000000000630
Event: 2.057 Thread 0x0000000143bc0600 Uncommon trap: reason=bimorphic_or_optimized_type_check action=maybe_recompile pc=0x00000001149f79f0 method=java.util.regex.Pattern$Start.match(Ljava/util/regex/Matcher;ILjava/lang/CharSequence;)Z @ 44 c2
Event: 2.057 Thread 0x0000000143bc0600 DEOPT PACKING pc=0x00000001149f79f0 sp=0x0000000179675760
Event: 2.057 Thread 0x0000000143bc0600 DEOPT UNPACKING pc=0x000000011427f91c sp=0x0000000179675600 mode 2
Event: 2.057 Thread 0x0000000143bc0600 Uncommon trap: trap_request=0xffffffc6 fr.pc=0x00000001149f79f0 relative=0x0000000000000630
Event: 2.057 Thread 0x0000000143bc0600 Uncommon trap: reason=bimorphic_or_optimized_type_check action=maybe_recompile pc=0x00000001149f79f0 method=java.util.regex.Pattern$Start.match(Ljava/util/regex/Matcher;ILjava/lang/CharSequence;)Z @ 44 c2
Event: 2.057 Thread 0x0000000143bc0600 DEOPT PACKING pc=0x00000001149f79f0 sp=0x0000000179675760
Event: 2.057 Thread 0x0000000143bc0600 DEOPT UNPACKING pc=0x000000011427f91c sp=0x0000000179675600 mode 2
Event: 2.057 Thread 0x0000000143bc0600 Uncommon trap: trap_request=0xffffffc6 fr.pc=0x00000001149f79f0 relative=0x0000000000000630
Event: 2.057 Thread 0x0000000143bc0600 Uncommon trap: reason=bimorphic_or_optimized_type_check action=maybe_recompile pc=0x00000001149f79f0 method=java.util.regex.Pattern$Start.match(Ljava/util/regex/Matcher;ILjava/lang/CharSequence;)Z @ 44 c2
Event: 2.057 Thread 0x0000000143bc0600 DEOPT PACKING pc=0x00000001149f79f0 sp=0x0000000179675760
Event: 2.057 Thread 0x0000000143bc0600 DEOPT UNPACKING pc=0x000000011427f91c sp=0x0000000179675600 mode 2
Event: 2.057 Thread 0x0000000143bc0600 Uncommon trap: trap_request=0xffffffc6 fr.pc=0x00000001149e8b18 relative=0x00000000000004d8
Event: 2.057 Thread 0x0000000143bc0600 Uncommon trap: reason=bimorphic_or_optimized_type_check action=maybe_recompile pc=0x00000001149e8b18 method=java.util.regex.Pattern$Start.match(Ljava/util/regex/Matcher;ILjava/lang/CharSequence;)Z @ 44 c2
Event: 2.057 Thread 0x0000000143bc0600 DEOPT PACKING pc=0x00000001149e8b18 sp=0x0000000179675620
Event: 2.057 Thread 0x0000000143bc0600 DEOPT UNPACKING pc=0x000000011427f91c sp=0x00000001796755e0 mode 2
Event: 2.060 Thread 0x0000000143bc0600 Uncommon trap: trap_request=0xffffff45 fr.pc=0x0000000114aa7bc0 relative=0x0000000000002a80
Event: 2.060 Thread 0x0000000143bc0600 Uncommon trap: reason=unstable_if action=reinterpret pc=0x0000000114aa7bc0 method=java.util.regex.Pattern.has(I)Z @ 6 c2
Event: 2.060 Thread 0x0000000143bc0600 DEOPT PACKING pc=0x0000000114aa7bc0 sp=0x0000000179674610
Event: 2.060 Thread 0x0000000143bc0600 DEOPT UNPACKING pc=0x000000011427f91c sp=0x0000000179674540 mode 2

Classes unloaded (0 events):
No events

Classes redefined (0 events):
No events

Internal exceptions (20 events):
Event: 1.890 Thread 0x0000000143bc0600 Exception <a 'java/lang/NoSuchMethodError'{0x00000007040ce3b8}: 'java.lang.Object java.lang.invoke.Invokers$Holder.invoker(java.lang.Object, java.lang.Object, java.lang.Object, java.lang.Object, java.lang.Object, java.lang.Object, java.lang.Object, java.lang.Object, java.lang.Object, java.lang.Object, java.lang.Object, java.lang.Object, java.lang.Object, java.lang.Object, java.lang.Object, java.lang.Object, java.lang.Object, java.lang.Object, java.lang.Object, java.lang.Object, java.lang.Object, java.lang.
Event: 1.890 Thread 0x0000000143bc0600 Exception <a 'java/lang/NoSuchMethodError'{0x00000007040d5590}: 'java.lang.Object java.lang.invoke.DelegatingMethodHandle$Holder.delegate(java.lang.Object, java.lang.Object, java.lang.Object, java.lang.Object, java.lang.Object, java.lang.Object, java.lang.Object, java.lang.Object, java.lang.Object, java.lang.Object, java.lang.Object, java.lang.Object, java.lang.Object, java.lang.Object, java.lang.Object, java.lang.Object, java.lang.Object, java.lang.Object, java.lang.Object, java.lang.Object, java.lang.Obj
Event: 1.892 Thread 0x0000000143bc0600 Exception <a 'java/lang/NoSuchMethodError'{0x0000000704180ad8}: 'java.lang.Object java.lang.invoke.DirectMethodHandle$Holder.invokeStatic(java.lang.Object, java.lang.Object, java.lang.Object, java.lang.Object, java.lang.Object, java.lang.Object, java.lang.Object, java.lang.Object, java.lang.Object, java.lang.Object, java.lang.Object, java.lang.Object, java.lang.Object, java.lang.Object, java.lang.Object, java.lang.Object, java.lang.Object)'> (0x0000000704180ad8) 
thrown [src/hotspot/share/interpreter/linkR
Event: 1.893 Thread 0x0000000143bc0600 Exception <a 'java/lang/NoSuchMethodError'{0x00000007041aa398}: 'java.lang.Object java.lang.invoke.DirectMethodHandle$Holder.invokeStatic(java.lang.Object, java.lang.Object, java.lang.Object, java.lang.Object, java.lang.Object, java.lang.Object, java.lang.Object, java.lang.Object, java.lang.Object, java.lang.Object, java.lang.Object, java.lang.Object, java.lang.Object, java.lang.Object, java.lang.Object, java.lang.Object, java.lang.Object, java.lang.Object)'> (0x00000007041aa398) 
thrown [src/hotspot/share
Event: 1.894 Thread 0x0000000143bc0600 Exception <a 'java/lang/NoSuchMethodError'{0x00000007041d4f48}: 'java.lang.Object java.lang.invoke.DirectMethodHandle$Holder.invokeStatic(java.lang.Object, java.lang.Object, java.lang.Object, java.lang.Object, java.lang.Object, java.lang.Object, java.lang.Object, java.lang.Object, java.lang.Object, java.lang.Object, java.lang.Object, java.lang.Object, java.lang.Object, java.lang.Object, java.lang.Object, java.lang.Object, java.lang.Object, java.lang.Object, java.lang.Object)'> (0x00000007041d4f48) 
thrown 
Event: 1.894 Thread 0x0000000143bc0600 Exception <a 'java/lang/NoSuchMethodError'{0x0000000703e00fa0}: 'java.lang.Object java.lang.invoke.DirectMethodHandle$Holder.invokeStatic(java.lang.Object, java.lang.Object, java.lang.Object, java.lang.Object, java.lang.Object, java.lang.Object, java.lang.Object, java.lang.Object, java.lang.Object, java.lang.Object, java.lang.Object, java.lang.Object, java.lang.Object, java.lang.Object, java.lang.Object, java.lang.Object, java.lang.Object, java.lang.Object, java.lang.Object, java.lang.Object)'> (0x00000007
Event: 1.895 Thread 0x0000000143bc0600 Exception <a 'java/lang/NoSuchMethodError'{0x0000000703e2d8d0}: 'java.lang.Object java.lang.invoke.DirectMethodHandle$Holder.invokeStatic(java.lang.Object, java.lang.Object, java.lang.Object, java.lang.Object, java.lang.Object, java.lang.Object, java.lang.Object, java.lang.Object, java.lang.Object, java.lang.Object, java.lang.Object, java.lang.Object, java.lang.Object, java.lang.Object, java.lang.Object, java.lang.Object, java.lang.Object, java.lang.Object, java.lang.Object, java.lang.Object, java.lang.Obj
Event: 1.895 Thread 0x0000000143bc0600 Exception <a 'java/lang/NoSuchMethodError'{0x0000000703e5b368}: 'java.lang.Object java.lang.invoke.DirectMethodHandle$Holder.invokeStatic(java.lang.Object, java.lang.Object, java.lang.Object, java.lang.Object, java.lang.Object, java.lang.Object, java.lang.Object, java.lang.Object, java.lang.Object, java.lang.Object, java.lang.Object, java.lang.Object, java.lang.Object, java.lang.Object, java.lang.Object, java.lang.Object, java.lang.Object, java.lang.Object, java.lang.Object, java.lang.Object, java.lang.Obj
Event: 1.896 Thread 0x0000000143bc0600 Exception <a 'java/lang/NoSuchMethodError'{0x0000000703e89798}: 'java.lang.Object java.lang.invoke.DirectMethodHandle$Holder.invokeStatic(java.lang.Object, java.lang.Object, java.lang.Object, java.lang.Object, java.lang.Object, java.lang.Object, java.lang.Object, java.lang.Object, java.lang.Object, java.lang.Object, java.lang.Object, java.lang.Object, java.lang.Object, java.lang.Object, java.lang.Object, java.lang.Object, java.lang.Object, java.lang.Object, java.lang.Object, java.lang.Object, java.lang.Obj
Event: 1.896 Thread 0x0000000143bc0600 Exception <a 'java/lang/NoSuchMethodError'{0x0000000703eb9830}: 'java.lang.Object java.lang.invoke.DirectMethodHandle$Holder.invokeStatic(java.lang.Object, java.lang.Object, java.lang.Object, java.lang.Object, java.lang.Object, java.lang.Object, java.lang.Object, java.lang.Object, java.lang.Object, java.lang.Object, java.lang.Object, java.lang.Object, java.lang.Object, java.lang.Object, java.lang.Object, java.lang.Object, java.lang.Object, java.lang.Object, java.lang.Object, java.lang.Object, java.lang.Obj
Event: 1.897 Thread 0x0000000143bc0600 Exception <a 'java/lang/NoSuchMethodError'{0x0000000703eeb3e0}: 'java.lang.Object java.lang.invoke.DirectMethodHandle$Holder.invokeStatic(java.lang.Object, java.lang.Object, java.lang.Object, java.lang.Object, java.lang.Object, java.lang.Object, java.lang.Object, java.lang.Object, java.lang.Object, java.lang.Object, java.lang.Object, java.lang.Object, java.lang.Object, java.lang.Object, java.lang.Object, java.lang.Object, java.lang.Object, java.lang.Object, java.lang.Object, java.lang.Object, java.lang.Obj
Event: 1.929 Thread 0x0000000143bc0600 Exception <a 'java/lang/NoSuchMethodError'{0x00000007039389c0}: 'int java.lang.invoke.DirectMethodHandle$Holder.invokeSpecialIFC(java.lang.Object, java.lang.Object, java.lang.Object)'> (0x00000007039389c0) 
thrown [src/hotspot/share/interpreter/linkResolver.cpp, line 759]
Event: 1.953 Thread 0x0000000143bc0600 Exception <a 'java/lang/NoSuchMethodError'{0x000000070feabf30}: 'java.lang.Object java.lang.invoke.DirectMethodHandle$Holder.newInvokeSpecial(java.lang.Object, java.lang.Object, java.lang.Object, java.lang.Object, java.lang.Object, int)'> (0x000000070feabf30) 
thrown [src/hotspot/share/interpreter/linkResolver.cpp, line 759]
Event: 1.953 Thread 0x0000000143bc0600 Exception <a 'java/lang/NoSuchMethodError'{0x000000070feb1588}: 'java.lang.Object java.lang.invoke.DirectMethodHandle$Holder.invokeSpecial(java.lang.Object, java.lang.Object, java.lang.Object, java.lang.Object, java.lang.Object, java.lang.Object, int)'> (0x000000070feb1588) 
thrown [src/hotspot/share/interpreter/linkResolver.cpp, line 759]
Event: 1.980 Thread 0x0000000143bc0600 Exception <a 'java/lang/NoSuchMethodError'{0x000000070863a2a8}: 'java.lang.Object java.lang.invoke.DirectMethodHandle$Holder.invokeSpecial(java.lang.Object, java.lang.Object, java.lang.Object, java.lang.Object, java.lang.Object, long)'> (0x000000070863a2a8) 
thrown [src/hotspot/share/interpreter/linkResolver.cpp, line 759]
Event: 1.981 Thread 0x0000000143bc0600 Exception <a 'java/lang/NoSuchMethodError'{0x000000070865bc40}: 'void java.lang.invoke.DirectMethodHandle$Holder.invokeStatic(java.lang.Object, java.lang.Object, java.lang.Object, int, java.lang.Object)'> (0x000000070865bc40) 
thrown [src/hotspot/share/interpreter/linkResolver.cpp, line 759]
Event: 2.012 Thread 0x0000000143bc0600 Exception <a 'java/lang/ClassNotFoundException'{0x00000007084efff8}: build_4qondyrl8lvpc3ttjn9ofa316BeanInfo> (0x00000007084efff8) 
thrown [src/hotspot/share/classfile/systemDictionary.cpp, line 256]
Event: 2.012 Thread 0x0000000143bc0600 Exception <a 'java/lang/ClassNotFoundException'{0x00000007084f68c8}: build_4qondyrl8lvpc3ttjn9ofa316Customizer> (0x00000007084f68c8) 
thrown [src/hotspot/share/classfile/systemDictionary.cpp, line 256]
Event: 2.027 Thread 0x0000000143bc0600 Exception <a 'java/lang/ClassNotFoundException'{0x0000000708174f38}: org/gradle/api/internal/plugins/DefaultObjectConfigurationActionBeanInfo> (0x0000000708174f38) 
thrown [src/hotspot/share/classfile/systemDictionary.cpp, line 256]
Event: 2.027 Thread 0x0000000143bc0600 Exception <a 'java/lang/ClassNotFoundException'{0x0000000708186db0}: org/gradle/api/internal/plugins/DefaultObjectConfigurationActionCustomizer> (0x0000000708186db0) 
thrown [src/hotspot/share/classfile/systemDictionary.cpp, line 256]

VM Operations (20 events):
Event: 1.860 Executing VM operation: ICBufferFull done
Event: 1.932 Executing VM operation: G1CollectForAllocation
Event: 1.935 Executing VM operation: G1CollectForAllocation done
Event: 1.945 Executing VM operation: G1CollectForAllocation
Event: 1.948 Executing VM operation: G1CollectForAllocation done
Event: 1.993 Executing VM operation: ICBufferFull
Event: 1.993 Executing VM operation: ICBufferFull done
Event: 2.048 Executing VM operation: HandshakeAllThreads
Event: 2.048 Executing VM operation: HandshakeAllThreads done
Event: 2.048 Executing VM operation: HandshakeAllThreads
Event: 2.048 Executing VM operation: HandshakeAllThreads done
Event: 2.052 Executing VM operation: HandshakeAllThreads
Event: 2.052 Executing VM operation: HandshakeAllThreads done
Event: 2.055 Executing VM operation: HandshakeAllThreads
Event: 2.055 Executing VM operation: HandshakeAllThreads done
Event: 2.058 Executing VM operation: ICBufferFull
Event: 2.058 Executing VM operation: ICBufferFull done
Event: 2.062 Executing VM operation: HandshakeAllThreads
Event: 2.062 Executing VM operation: HandshakeAllThreads done
Event: 2.062 Executing VM operation: HandshakeAllThreads

Events (20 events):
Event: 2.061 loading class jdk/internal/icu/impl/ICUBinary
Event: 2.061 loading class jdk/internal/icu/impl/ICUBinary done
Event: 2.061 loading class jdk/internal/icu/impl/ICUBinary$1
Event: 2.061 loading class jdk/internal/icu/impl/ICUBinary$1 done
Event: 2.061 loading class jdk/internal/icu/util/VersionInfo
Event: 2.061 loading class jdk/internal/icu/util/VersionInfo done
Event: 2.061 loading class jdk/internal/icu/util/CodePointTrie$Fast16
Event: 2.061 loading class jdk/internal/icu/util/CodePointTrie$Fast
Event: 2.061 loading class jdk/internal/icu/util/CodePointTrie
Event: 2.061 loading class jdk/internal/icu/util/CodePointMap
Event: 2.061 loading class jdk/internal/icu/util/CodePointMap done
Event: 2.061 loading class jdk/internal/icu/util/CodePointTrie done
Event: 2.061 loading class jdk/internal/icu/util/CodePointTrie$Fast done
Event: 2.061 loading class jdk/internal/icu/util/CodePointTrie$Fast16 done
Event: 2.061 loading class jdk/internal/icu/util/CodePointTrie$Type
Event: 2.061 loading class jdk/internal/icu/util/CodePointTrie$Type done
Event: 2.061 loading class jdk/internal/icu/util/CodePointTrie$ValueWidth
Event: 2.061 loading class jdk/internal/icu/util/CodePointTrie$ValueWidth done
Event: 2.061 loading class java/nio/ByteBufferAsCharBufferB
Event: 2.061 loading class java/nio/ByteBufferAsCharBufferB done


Dynamic libraries:
0x0000000103124000 	/Users/andrewyin/Library/Java/JavaVirtualMachines/corretto-17.0.10/Contents/Home/lib/libjli.dylib
0x00000001ab72d000 	/System/Library/Frameworks/Cocoa.framework/Versions/A/Cocoa
0x0000000194d0e000 	/System/Library/Frameworks/AppKit.framework/Versions/C/AppKit
0x0000000197d7c000 	/System/Library/Frameworks/CoreData.framework/Versions/A/CoreData
0x00000001925c8000 	/System/Library/Frameworks/Foundation.framework/Versions/C/Foundation
0x000000019e082000 	/usr/lib/libSystem.B.dylib
0x000000019604b000 	/System/Library/PrivateFrameworks/UIFoundation.framework/Versions/A/UIFoundation
0x000000022bcaa000 	/System/Library/PrivateFrameworks/CollectionViewCore.framework/Versions/A/CollectionViewCore
0x00000001a52e4000 	/System/Library/PrivateFrameworks/RemoteViewServices.framework/Versions/A/RemoteViewServices
0x000000019bf34000 	/System/Library/PrivateFrameworks/XCTTargetBootstrap.framework/Versions/A/XCTTargetBootstrap
0x00000001a06bc000 	/System/Library/PrivateFrameworks/InternationalSupport.framework/Versions/A/InternationalSupport
0x00000001a0710000 	/System/Library/PrivateFrameworks/UserActivity.framework/Versions/A/UserActivity
0x000000024f606000 	/System/Library/PrivateFrameworks/WindowManagement.framework/Versions/A/WindowManagement
0x0000000192248000 	/System/Library/Frameworks/SystemConfiguration.framework/Versions/A/SystemConfiguration
0x000000019fb2b000 	/usr/lib/libspindump.dylib
0x0000000196200000 	/System/Library/Frameworks/UniformTypeIdentifiers.framework/Versions/A/UniformTypeIdentifiers
0x0000000199dae000 	/usr/lib/libapp_launch_measurement.dylib
0x00000001991d6000 	/System/Library/PrivateFrameworks/CoreAnalytics.framework/Versions/A/CoreAnalytics
0x0000000199db5000 	/System/Library/PrivateFrameworks/CoreAutoLayout.framework/Versions/A/CoreAutoLayout
0x000000019b755000 	/System/Library/Frameworks/Metal.framework/Versions/A/Metal
0x000000019c6db000 	/usr/lib/liblangid.dylib
0x000000019bf3a000 	/System/Library/PrivateFrameworks/CoreSVG.framework/Versions/A/CoreSVG
0x0000000196bc9000 	/System/Library/PrivateFrameworks/SkyLight.framework/Versions/A/SkyLight
0x0000000197069000 	/System/Library/Frameworks/CoreGraphics.framework/Versions/A/CoreGraphics
0x00000001a59b7000 	/System/Library/Frameworks/Accelerate.framework/Versions/A/Accelerate
0x000000019f986000 	/System/Library/PrivateFrameworks/IconServices.framework/Versions/A/IconServices
0x000000019b733000 	/System/Library/Frameworks/IOSurface.framework/Versions/A/IOSurface
0x0000000199205000 	/usr/lib/libDiagnosticMessagesClient.dylib
0x000000019dfc5000 	/usr/lib/libz.1.dylib
0x00000001a9153000 	/System/Library/Frameworks/ApplicationServices.framework/Versions/A/ApplicationServices
0x000000019bf1c000 	/System/Library/PrivateFrameworks/DFRFoundation.framework/Versions/A/DFRFoundation
0x0000000194568000 	/usr/lib/libicucore.A.dylib
0x00000001a1719000 	/System/Library/Frameworks/AudioToolbox.framework/Versions/A/AudioToolbox
0x00000001a06cb000 	/System/Library/PrivateFrameworks/DataDetectorsCore.framework/Versions/A/DataDetectorsCore
0x00000001ba0a6000 	/System/Library/PrivateFrameworks/TextInput.framework/Versions/A/TextInput
0x0000000196b1a000 	/usr/lib/libMobileGestalt.dylib
0x000000019bc58000 	/System/Library/Frameworks/Carbon.framework/Versions/A/Frameworks/HIToolbox.framework/Versions/A/HIToolbox
0x00000001996dc000 	/System/Library/Frameworks/QuartzCore.framework/Versions/A/QuartzCore
0x0000000194195000 	/System/Library/Frameworks/Security.framework/Versions/A/Security
0x00000001a5324000 	/System/Library/Frameworks/Carbon.framework/Versions/A/Frameworks/SpeechRecognition.framework/Versions/A/SpeechRecognition
0x0000000199adc000 	/System/Library/PrivateFrameworks/CoreUI.framework/Versions/A/CoreUI
0x0000000193a94000 	/System/Library/Frameworks/CoreAudio.framework/Versions/A/CoreAudio
0x00000001992e9000 	/System/Library/Frameworks/DiskArbitration.framework/Versions/A/DiskArbitration
0x000000019ff86000 	/System/Library/PrivateFrameworks/MultitouchSupport.framework/Versions/A/MultitouchSupport
0x0000000196b18000 	/usr/lib/libenergytrace.dylib
0x00000001af82f000 	/System/Library/PrivateFrameworks/RenderBox.framework/Versions/A/RenderBox
0x0000000194bc2000 	/System/Library/Frameworks/IOKit.framework/Versions/A/IOKit
0x00000001a56f8000 	/System/Library/Frameworks/CoreServices.framework/Versions/A/CoreServices
0x0000000199d3a000 	/System/Library/PrivateFrameworks/PerformanceAnalysis.framework/Versions/A/PerformanceAnalysis
0x00000001e7a10000 	/System/Library/Frameworks/OpenGL.framework/Versions/A/OpenGL
0x0000000199dff000 	/usr/lib/libxml2.2.dylib
0x000000019d40a000 	/System/Library/PrivateFrameworks/MobileKeyBag.framework/Versions/A/MobileKeyBag
0x0000000191034000 	/usr/lib/libobjc.A.dylib
0x0000000191328000 	/usr/lib/libc++.1.dylib
0x00000001a5675000 	/System/Library/Frameworks/Accessibility.framework/Versions/A/Accessibility
0x0000000197748000 	/System/Library/Frameworks/ColorSync.framework/Versions/A/ColorSync
0x0000000191474000 	/System/Library/Frameworks/CoreFoundation.framework/Versions/A/CoreFoundation
0x000000019c296000 	/System/Library/Frameworks/CoreImage.framework/Versions/A/CoreImage
0x000000019389f000 	/System/Library/Frameworks/CoreText.framework/Versions/A/CoreText
0x00000001ec26a000 	/System/Library/Frameworks/CoreTransferable.framework/Versions/A/CoreTransferable
0x00000001ec72f000 	/System/Library/Frameworks/DeveloperToolsSupport.framework/Versions/A/DeveloperToolsSupport
0x000000019bf75000 	/System/Library/Frameworks/ImageIO.framework/Versions/A/ImageIO
0x00000001f0a96000 	/System/Library/Frameworks/Symbols.framework/Versions/A/Symbols
0x000000019e088000 	/System/Library/PrivateFrameworks/SoftLinking.framework/Versions/A/SoftLinking
0x00000001a10cb000 	/usr/lib/swift/libswiftCore.dylib
0x00000001b6d4f000 	/usr/lib/swift/libswiftCoreFoundation.dylib
0x00000001b4856000 	/usr/lib/swift/libswiftCoreGraphics.dylib
0x00000001b6d99000 	/usr/lib/swift/libswiftCoreImage.dylib
0x00000001b485d000 	/usr/lib/swift/libswiftDarwin.dylib
0x00000001a6d5d000 	/usr/lib/swift/libswiftDispatch.dylib
0x00000001b6d9a000 	/usr/lib/swift/libswiftIOKit.dylib
0x00000001c279f000 	/usr/lib/swift/libswiftMetal.dylib
0x00000001cfe12000 	/usr/lib/swift/libswiftOSLog.dylib
0x00000001a95cc000 	/usr/lib/swift/libswiftObjectiveC.dylib
0x00000001c6ebf000 	/usr/lib/swift/libswiftQuartzCore.dylib
0x00000001cafa6000 	/usr/lib/swift/libswiftUniformTypeIdentifiers.dylib
0x00000001b6d61000 	/usr/lib/swift/libswiftXPC.dylib
0x0000000257ab1000 	/usr/lib/swift/libswift_Concurrency.dylib
0x00000001a95d0000 	/usr/lib/swift/libswiftos.dylib
0x00000001ba00b000 	/usr/lib/swift/libswiftsimd.dylib
0x000000019e237000 	/usr/lib/libcompression.dylib
0x00000001a0616000 	/System/Library/PrivateFrameworks/TextureIO.framework/Versions/A/TextureIO
0x000000019f632000 	/usr/lib/libate.dylib
0x000000019e07c000 	/usr/lib/system/libcache.dylib
0x000000019e037000 	/usr/lib/system/libcommonCrypto.dylib
0x000000019e063000 	/usr/lib/system/libcompiler_rt.dylib
0x000000019e059000 	/usr/lib/system/libcopyfile.dylib
0x0000000191178000 	/usr/lib/system/libcorecrypto.dylib
0x000000019125e000 	/usr/lib/system/libdispatch.dylib
0x0000000191419000 	/usr/lib/system/libdyld.dylib
0x000000019e072000 	/usr/lib/system/libkeymgr.dylib
0x000000019e00f000 	/usr/lib/system/libmacho.dylib
0x000000019d4f0000 	/usr/lib/system/libquarantine.dylib
0x000000019e06f000 	/usr/lib/system/libremovefile.dylib
0x0000000196b90000 	/usr/lib/system/libsystem_asl.dylib
0x000000019110d000 	/usr/lib/system/libsystem_blocks.dylib
0x00000001912a9000 	/usr/lib/system/libsystem_c.dylib
0x000000019e067000 	/usr/lib/system/libsystem_collections.dylib
0x000000019c6ca000 	/usr/lib/system/libsystem_configuration.dylib
0x000000019b708000 	/usr/lib/system/libsystem_containermanager.dylib
0x000000019dca6000 	/usr/lib/system/libsystem_coreservices.dylib
0x000000019482f000 	/usr/lib/system/libsystem_darwin.dylib
0x0000000257dfe000 	/usr/lib/system/libsystem_darwindirectory.dylib
0x000000019e073000 	/usr/lib/system/libsystem_dnssd.dylib
0x0000000257e02000 	/usr/lib/system/libsystem_eligibility.dylib
0x00000001912a6000 	/usr/lib/system/libsystem_featureflags.dylib
0x0000000191447000 	/usr/lib/system/libsystem_info.dylib
0x000000019dfd4000 	/usr/lib/system/libsystem_m.dylib
0x0000000191221000 	/usr/lib/system/libsystem_malloc.dylib
0x0000000196afe000 	/usr/lib/system/libsystem_networkextension.dylib
0x0000000194ca5000 	/usr/lib/system/libsystem_notify.dylib
0x000000019c6cf000 	/usr/lib/system/libsystem_sandbox.dylib
0x0000000257e06000 	/usr/lib/system/libsystem_sanitizers.dylib
0x000000019e06c000 	/usr/lib/system/libsystem_secinit.dylib
0x00000001913d1000 	/usr/lib/system/libsystem_kernel.dylib
0x000000019143f000 	/usr/lib/system/libsystem_platform.dylib
0x000000019140c000 	/usr/lib/system/libsystem_pthread.dylib
0x000000019857e000 	/usr/lib/system/libsystem_symptoms.dylib
0x000000019115d000 	/usr/lib/system/libsystem_trace.dylib
0x000000019e045000 	/usr/lib/system/libunwind.dylib
0x0000000191112000 	/usr/lib/system/libxpc.dylib
0x00000001913b5000 	/usr/lib/libc++abi.dylib
0x000000019e051000 	/usr/lib/liboah.dylib
0x000000019f4de000 	/usr/lib/liblzma.5.dylib
0x000000019e084000 	/usr/lib/libfakelink.dylib
0x0000000196729000 	/System/Library/Frameworks/CFNetwork.framework/Versions/A/CFNetwork
0x000000019e0d8000 	/usr/lib/libarchive.2.dylib
0x00000001a35fa000 	/System/Library/Frameworks/Combine.framework/Versions/A/Combine
0x000000022bcbe000 	/System/Library/PrivateFrameworks/CollectionsInternal.framework/Versions/A/CollectionsInternal
0x0000000241d4f000 	/System/Library/PrivateFrameworks/ReflectionInternal.framework/Versions/A/ReflectionInternal
0x00000002422d5000 	/System/Library/PrivateFrameworks/RuntimeInternal.framework/Versions/A/RuntimeInternal
0x0000000257c05000 	/usr/lib/swift/libswift_StringProcessing.dylib
0x0000000194b40000 	/System/Library/PrivateFrameworks/CoreServicesInternal.framework/Versions/A/CoreServicesInternal
0x000000019d517000 	/usr/lib/libbsm.0.dylib
0x000000019e017000 	/usr/lib/system/libkxld.dylib
0x0000000199d76000 	/System/Library/Frameworks/CoreServices.framework/Versions/A/Frameworks/FSEvents.framework/Versions/A/FSEvents
0x000000019483a000 	/System/Library/Frameworks/CoreServices.framework/Versions/A/Frameworks/CarbonCore.framework/Versions/A/CarbonCore
0x000000019924e000 	/System/Library/Frameworks/CoreServices.framework/Versions/A/Frameworks/Metadata.framework/Versions/A/Metadata
0x000000019dcac000 	/System/Library/Frameworks/CoreServices.framework/Versions/A/Frameworks/OSServices.framework/Versions/A/OSServices
0x000000019e161000 	/System/Library/Frameworks/CoreServices.framework/Versions/A/Frameworks/SearchKit.framework/Versions/A/SearchKit
0x00000001984ff000 	/System/Library/Frameworks/CoreServices.framework/Versions/A/Frameworks/AE.framework/Versions/A/AE
0x000000019194d000 	/System/Library/Frameworks/CoreServices.framework/Versions/A/Frameworks/LaunchServices.framework/Versions/A/LaunchServices
0x000000019f487000 	/System/Library/Frameworks/CoreServices.framework/Versions/A/Frameworks/DictionaryServices.framework/Versions/A/DictionaryServices
0x0000000199d83000 	/System/Library/Frameworks/CoreServices.framework/Versions/A/Frameworks/SharedFileList.framework/Versions/A/SharedFileList
0x000000019e201000 	/usr/lib/libapple_nghttp2.dylib
0x0000000198173000 	/usr/lib/libsqlite3.dylib
0x0000000198587000 	/System/Library/Frameworks/Network.framework/Versions/A/Network
0x00000002564be000 	/usr/lib/libCoreEntitlements.dylib
0x000000023cc81000 	/System/Library/PrivateFrameworks/MessageSecurity.framework/Versions/A/MessageSecurity
0x0000000198159000 	/System/Library/PrivateFrameworks/ProtocolBuffer.framework/Versions/A/ProtocolBuffer
0x000000019dbd5000 	/System/Library/PrivateFrameworks/AppleFSCompression.framework/Versions/A/AppleFSCompression
0x000000019d4ff000 	/usr/lib/libcoretls.dylib
0x000000019f4fd000 	/usr/lib/libcoretls_cfhelpers.dylib
0x000000019e231000 	/usr/lib/libpam.2.dylib
0x000000019f56f000 	/usr/lib/libxar.1.dylib
0x000000019f95d000 	/usr/lib/libheimdal-asn1.dylib
0x0000000196728000 	/usr/lib/libnetwork.dylib
0x000000019e089000 	/usr/lib/libpcap.A.dylib
0x0000000198573000 	/usr/lib/libdns_services.dylib
0x000000019c6d7000 	/System/Library/PrivateFrameworks/AppleSystemInfo.framework/Versions/A/AppleSystemInfo
0x000000019d1ff000 	/System/Library/PrivateFrameworks/IOMobileFramebuffer.framework/Versions/A/IOMobileFramebuffer
0x0000000257b5c000 	/usr/lib/swift/libswift_RegexParser.dylib
0x000000019dc99000 	/usr/lib/libbz2.1.0.dylib
0x000000019d4f3000 	/usr/lib/libCheckFix.dylib
0x0000000196ba8000 	/System/Library/PrivateFrameworks/TCC.framework/Versions/A/TCC
0x000000019c6dd000 	/System/Library/PrivateFrameworks/CoreNLP.framework/Versions/A/CoreNLP
0x0000000199207000 	/System/Library/PrivateFrameworks/MetadataUtilities.framework/Versions/A/MetadataUtilities
0x000000019d529000 	/usr/lib/libmecab.dylib
0x00000001922dc000 	/usr/lib/libCRFSuite.dylib
0x000000019d585000 	/usr/lib/libgermantok.dylib
0x000000019e1d8000 	/usr/lib/libThaiTokenizer.dylib
0x00000001992f2000 	/System/Library/Frameworks/Accelerate.framework/Versions/A/Frameworks/vImage.framework/Versions/A/vImage
0x00000001a56cf000 	/System/Library/Frameworks/Accelerate.framework/Versions/A/Frameworks/vecLib.framework/Versions/A/vecLib
0x000000019f5b6000 	/System/Library/Frameworks/Accelerate.framework/Versions/A/Frameworks/vecLib.framework/Versions/A/libvMisc.dylib
0x000000019d0da000 	/System/Library/Frameworks/Accelerate.framework/Versions/A/Frameworks/vecLib.framework/Versions/A/libvDSP.dylib
0x0000000191d53000 	/System/Library/Frameworks/Accelerate.framework/Versions/A/Frameworks/vecLib.framework/Versions/A/libBLAS.dylib
0x000000019e30c000 	/System/Library/Frameworks/Accelerate.framework/Versions/A/Frameworks/vecLib.framework/Versions/A/libLAPACK.dylib
0x000000019d588000 	/System/Library/Frameworks/Accelerate.framework/Versions/A/Frameworks/vecLib.framework/Versions/A/libLinearAlgebra.dylib
0x000000019e21c000 	/System/Library/Frameworks/Accelerate.framework/Versions/A/Frameworks/vecLib.framework/Versions/A/libSparseBLAS.dylib
0x000000019e307000 	/System/Library/Frameworks/Accelerate.framework/Versions/A/Frameworks/vecLib.framework/Versions/A/libQuadrature.dylib
0x000000019c806000 	/System/Library/Frameworks/Accelerate.framework/Versions/A/Frameworks/vecLib.framework/Versions/A/libBNNS.dylib
0x00000001921e1000 	/System/Library/Frameworks/Accelerate.framework/Versions/A/Frameworks/vecLib.framework/Versions/A/libSparse.dylib
0x000000023b3d0000 	/System/Library/PrivateFrameworks/MIL.framework/Versions/A/MIL
0x000000019e0bf000 	/usr/lib/libiconv.2.dylib
0x000000019e00b000 	/usr/lib/libcharset.1.dylib
0x0000000199d56000 	/System/Library/Frameworks/OpenDirectory.framework/Versions/A/Frameworks/CFOpenDirectory.framework/Versions/A/CFOpenDirectory
0x0000000199d46000 	/System/Library/Frameworks/OpenDirectory.framework/Versions/A/OpenDirectory
0x000000019f4ff000 	/System/Library/PrivateFrameworks/APFS.framework/Versions/A/APFS
0x000000019d430000 	/System/Library/Frameworks/SecurityFoundation.framework/Versions/A/SecurityFoundation
0x000000019f57e000 	/usr/lib/libutil.dylib
0x0000000239555000 	/System/Library/PrivateFrameworks/InstalledContentLibrary.framework/Versions/A/InstalledContentLibrary
0x0000000194b81000 	/System/Library/PrivateFrameworks/CoreServicesStore.framework/Versions/A/CoreServicesStore
0x0000000229483000 	/System/Library/PrivateFrameworks/AppleMobileFileIntegrity.framework/Versions/A/AppleMobileFileIntegrity
0x00000001b6d1d000 	/usr/lib/libmis.dylib
0x00000001c73a5000 	/System/Library/PrivateFrameworks/MobileSystemServices.framework/Versions/A/MobileSystemServices
0x00000001e4e1e000 	/System/Library/PrivateFrameworks/ConfigProfileHelper.framework/Versions/A/ConfigProfileHelper
0x000000019e1da000 	/System/Library/PrivateFrameworks/AppleSauce.framework/Versions/A/AppleSauce
0x0000000193226000 	/System/Library/PrivateFrameworks/LanguageModeling.framework/Versions/A/LanguageModeling
0x000000019f582000 	/usr/lib/libxslt.1.dylib
0x000000019e0c6000 	/usr/lib/libcmph.dylib
0x000000019d1cb000 	/System/Library/PrivateFrameworks/CoreEmoji.framework/Versions/A/CoreEmoji
0x000000019c800000 	/System/Library/PrivateFrameworks/LinguisticData.framework/Versions/A/LinguisticData
0x00000001920ef000 	/System/Library/PrivateFrameworks/Lexicon.framework/Versions/A/Lexicon
0x000000019d4be000 	/System/Library/PrivateFrameworks/BackgroundTaskManagement.framework/Versions/A/BackgroundTaskManagement
0x00000002566ac000 	/usr/lib/libTLE.dylib
0x000000019fe4c000 	/System/Library/PrivateFrameworks/AppleJPEG.framework/Versions/A/AppleJPEG
0x000000019f942000 	/usr/lib/libexpat.1.dylib
0x00000001a0474000 	/System/Library/Frameworks/ImageIO.framework/Versions/A/Resources/libPng.dylib
0x00000001a049f000 	/System/Library/Frameworks/ImageIO.framework/Versions/A/Resources/libTIFF.dylib
0x00000001a058a000 	/System/Library/Frameworks/ImageIO.framework/Versions/A/Resources/libGIF.dylib
0x000000019fe92000 	/System/Library/Frameworks/ImageIO.framework/Versions/A/Resources/libJP2.dylib
0x00000001a052f000 	/System/Library/Frameworks/ImageIO.framework/Versions/A/Resources/libJPEG.dylib
0x00000001a0526000 	/System/Library/Frameworks/ImageIO.framework/Versions/A/Resources/libRadiance.dylib
0x000000019baf3000 	/System/Library/PrivateFrameworks/FontServices.framework/libFontParser.dylib
0x0000000198498000 	/System/Library/PrivateFrameworks/RunningBoardServices.framework/Versions/A/RunningBoardServices
0x00000001ac001000 	/System/Library/PrivateFrameworks/IOSurfaceAccelerator.framework/Versions/A/IOSurfaceAccelerator
0x000000019ff82000 	/System/Library/PrivateFrameworks/WatchdogClient.framework/Versions/A/WatchdogClient
0x000000019340c000 	/System/Library/Frameworks/CoreDisplay.framework/Versions/A/CoreDisplay
0x000000019b9ab000 	/System/Library/Frameworks/CoreMedia.framework/Versions/A/CoreMedia
0x000000019b74b000 	/System/Library/PrivateFrameworks/IOAccelerator.framework/Versions/A/IOAccelerator
0x0000000199ee9000 	/System/Library/Frameworks/CoreVideo.framework/Versions/A/CoreVideo
0x000000019e22f000 	/System/Library/Frameworks/MetalPerformanceShaders.framework/Versions/A/MetalPerformanceShaders
0x000000019ffc5000 	/System/Library/Frameworks/VideoToolbox.framework/Versions/A/VideoToolbox
0x0000000199f85000 	/System/Library/PrivateFrameworks/UserManagement.framework/Versions/A/UserManagement
0x00000001983bf000 	/System/Library/PrivateFrameworks/BaseBoard.framework/Versions/A/BaseBoard
0x000000019c6d5000 	/System/Library/PrivateFrameworks/AggregateDictionary.framework/Versions/A/AggregateDictionary
0x00000002292bd000 	/System/Library/PrivateFrameworks/AppleKeyStore.framework/Versions/A/AppleKeyStore
0x00000001a0521000 	/System/Library/PrivateFrameworks/GPUWrangler.framework/Versions/A/GPUWrangler
0x00000001a0501000 	/System/Library/PrivateFrameworks/IOPresentment.framework/Versions/A/IOPresentment
0x00000001a0529000 	/System/Library/PrivateFrameworks/DSExternalDisplay.framework/Versions/A/DSExternalDisplay
0x0000000235641000 	/System/Library/PrivateFrameworks/GPUCompiler.framework/Versions/32023/Libraries/libllvm-flatbuffers.dylib
0x00000001e7a03000 	/System/Library/Frameworks/OpenGL.framework/Versions/A/Libraries/libCoreFSCache.dylib
0x000000023285d000 	/System/Library/PrivateFrameworks/GPUCompiler.framework/Versions/32023/Libraries/libGPUCompilerUtils.dylib
0x00000001a0590000 	/System/Library/PrivateFrameworks/CMCaptureCore.framework/Versions/A/CMCaptureCore
0x00000001ec850000 	/System/Library/Frameworks/ExtensionFoundation.framework/Versions/A/ExtensionFoundation
0x00000001a75c5000 	/System/Library/PrivateFrameworks/CoreTime.framework/Versions/A/CoreTime
0x000000019fb15000 	/System/Library/PrivateFrameworks/AppServerSupport.framework/Versions/A/AppServerSupport
0x00000001a20a7000 	/System/Library/PrivateFrameworks/perfdata.framework/Versions/A/perfdata
0x0000000193530000 	/System/Library/PrivateFrameworks/AudioToolboxCore.framework/Versions/A/AudioToolboxCore
0x000000019b981000 	/System/Library/PrivateFrameworks/caulk.framework/Versions/A/caulk
0x00000001a1915000 	/usr/lib/libAudioStatistics.dylib
0x00000001b605a000 	/System/Library/PrivateFrameworks/SystemPolicy.framework/Versions/A/SystemPolicy
0x00000001a1bee000 	/usr/lib/libSMC.dylib
0x00000001ab5af000 	/System/Library/Frameworks/CoreMIDI.framework/Versions/A/CoreMIDI
0x00000001a043b000 	/usr/lib/libAudioToolboxUtility.dylib
0x00000001b14cb000 	/System/Library/PrivateFrameworks/OSAServicesClient.framework/Versions/A/OSAServicesClient
0x00000001a20b5000 	/usr/lib/libperfcheck.dylib
0x00000001a707d000 	/System/Library/PrivateFrameworks/BoardServices.framework/Versions/A/BoardServices
0x000000019f82a000 	/System/Library/PrivateFrameworks/PlugInKit.framework/Versions/A/PlugInKit
0x000000019d422000 	/System/Library/PrivateFrameworks/AssertionServices.framework/Versions/A/AssertionServices
0x00000001aa6c9000 	/System/Library/PrivateFrameworks/ASEProcessing.framework/Versions/A/ASEProcessing
0x00000001d3288000 	/System/Library/PrivateFrameworks/Symbolication.framework/Versions/A/Symbolication
0x0000000240b45000 	/System/Library/PrivateFrameworks/PhotosensitivityProcessing.framework/Versions/A/PhotosensitivityProcessing
0x000000019fac6000 	/System/Library/PrivateFrameworks/GraphVisualizer.framework/Versions/A/GraphVisualizer
0x00000001e7a65000 	/System/Library/Frameworks/OpenGL.framework/Versions/A/Libraries/libGLU.dylib
0x00000001e7a24000 	/System/Library/Frameworks/OpenGL.framework/Versions/A/Libraries/libGFXShared.dylib
0x00000001e7bfd000 	/System/Library/Frameworks/OpenGL.framework/Versions/A/Libraries/libGL.dylib
0x00000001e7a2d000 	/System/Library/Frameworks/OpenGL.framework/Versions/A/Libraries/libGLImage.dylib
0x00000001e7a21000 	/System/Library/Frameworks/OpenGL.framework/Versions/A/Libraries/libCVMSPluginSupport.dylib
0x0000000256664000 	/usr/lib/libRosetta.dylib
0x00000001e7a0a000 	/System/Library/Frameworks/OpenGL.framework/Versions/A/Libraries/libCoreVMClient.dylib
0x0000000230bf7000 	/System/Library/PrivateFrameworks/FontServices.framework/Versions/A/FontServices
0x000000019fad2000 	/System/Library/PrivateFrameworks/OTSVG.framework/Versions/A/OTSVG
0x0000000199a8a000 	/System/Library/Frameworks/ApplicationServices.framework/Versions/A/Frameworks/ATS.framework/Versions/A/Resources/libFontRegistry.dylib
0x000000019fb20000 	/System/Library/PrivateFrameworks/FontServices.framework/libhvf.dylib
0x0000000230bf8000 	/System/Library/PrivateFrameworks/FontServices.framework/libXTFontStaticRegistryData.dylib
0x000000019c61c000 	/System/Library/Frameworks/MetalPerformanceShaders.framework/Versions/A/Frameworks/MPSCore.framework/Versions/A/MPSCore
0x000000019db43000 	/System/Library/Frameworks/MetalPerformanceShaders.framework/Versions/A/Frameworks/MPSImage.framework/Versions/A/MPSImage
0x000000019d59d000 	/System/Library/Frameworks/MetalPerformanceShaders.framework/Versions/A/Frameworks/MPSNeuralNetwork.framework/Versions/A/MPSNeuralNetwork
0x000000019d9e8000 	/System/Library/Frameworks/MetalPerformanceShaders.framework/Versions/A/Frameworks/MPSMatrix.framework/Versions/A/MPSMatrix
0x000000019d7f3000 	/System/Library/Frameworks/MetalPerformanceShaders.framework/Versions/A/Frameworks/MPSRayIntersector.framework/Versions/A/MPSRayIntersector
0x000000019da1a000 	/System/Library/Frameworks/MetalPerformanceShaders.framework/Versions/A/Frameworks/MPSNDArray.framework/Versions/A/MPSNDArray
0x00000001ee095000 	/System/Library/Frameworks/MetalPerformanceShaders.framework/Versions/A/Frameworks/MPSFunctions.framework/Versions/A/MPSFunctions
0x00000001ee07a000 	/System/Library/Frameworks/MetalPerformanceShaders.framework/Versions/A/Frameworks/MPSBenchmarkLoop.framework/Versions/A/MPSBenchmarkLoop
0x0000000191c07000 	/System/Library/PrivateFrameworks/MetalTools.framework/Versions/A/MetalTools
0x00000001bb1df000 	/System/Library/PrivateFrameworks/IOAccelMemoryInfo.framework/Versions/A/IOAccelMemoryInfo
0x00000001c729f000 	/System/Library/PrivateFrameworks/kperf.framework/Versions/A/kperf
0x00000001b6d42000 	/System/Library/PrivateFrameworks/GPURawCounter.framework/Versions/A/GPURawCounter
0x00000001a7497000 	/System/Library/PrivateFrameworks/CoreSymbolication.framework/Versions/A/CoreSymbolication
0x00000001b6cee000 	/System/Library/PrivateFrameworks/MallocStackLogging.framework/Versions/A/MallocStackLogging
0x000000019f6cc000 	/System/Library/PrivateFrameworks/CrashReporterSupport.framework/Versions/A/CrashReporterSupport
0x00000001a7452000 	/System/Library/PrivateFrameworks/DebugSymbols.framework/Versions/A/DebugSymbols
0x00000001c5c10000 	/System/Library/PrivateFrameworks/OSAnalytics.framework/Versions/A/OSAnalytics
0x000000024d8bb000 	/System/Library/PrivateFrameworks/VideoToolboxParavirtualizationSupport.framework/Versions/A/VideoToolboxParavirtualizationSupport
0x000000019f8f6000 	/System/Library/PrivateFrameworks/AppleVA.framework/Versions/A/AppleVA
0x00000001a195d000 	/System/Library/Frameworks/ApplicationServices.framework/Versions/A/Frameworks/ATS.framework/Versions/A/ATS
0x00000001978f7000 	/System/Library/Frameworks/ApplicationServices.framework/Versions/A/Frameworks/HIServices.framework/Versions/A/HIServices
0x00000001a059e000 	/System/Library/Frameworks/ApplicationServices.framework/Versions/A/Frameworks/PrintCore.framework/Versions/A/PrintCore
0x00000001a1d47000 	/System/Library/Frameworks/ApplicationServices.framework/Versions/A/Frameworks/QD.framework/Versions/A/QD
0x00000001a1d3b000 	/System/Library/Frameworks/ApplicationServices.framework/Versions/A/Frameworks/ColorSyncLegacy.framework/Versions/A/ColorSyncLegacy
0x00000001a192d000 	/System/Library/Frameworks/ApplicationServices.framework/Versions/A/Frameworks/SpeechSynthesis.framework/Versions/A/SpeechSynthesis
0x00000001a055a000 	/System/Library/Frameworks/ApplicationServices.framework/Versions/A/Frameworks/ATSUI.framework/Versions/A/ATSUI
0x00000001a1cce000 	/usr/lib/libcups.2.dylib
0x00000001a20c3000 	/System/Library/Frameworks/Kerberos.framework/Versions/A/Kerberos
0x00000001a20d4000 	/System/Library/Frameworks/GSS.framework/Versions/A/GSS
0x00000001a19dc000 	/usr/lib/libresolv.9.dylib
0x000000019fb31000 	/System/Library/PrivateFrameworks/Heimdal.framework/Versions/A/Heimdal
0x00000001a953a000 	/System/Library/Frameworks/Kerberos.framework/Versions/A/Libraries/libHeimdalProxy.dylib
0x00000001a212e000 	/System/Library/PrivateFrameworks/CommonAuth.framework/Versions/A/CommonAuth
0x00000001eb63d000 	/System/Library/Frameworks/AVFAudio.framework/Versions/A/AVFAudio
0x00000001b151a000 	/System/Library/PrivateFrameworks/AXCoreUtilities.framework/Versions/A/AXCoreUtilities
0x000000023aac8000 	/System/Library/PrivateFrameworks/IsolatedCoreAudioClient.framework/Versions/A/IsolatedCoreAudioClient
0x00000001a1899000 	/System/Library/PrivateFrameworks/AudioSession.framework/Versions/A/AudioSession
0x00000001a3397000 	/System/Library/Frameworks/IOBluetooth.framework/Versions/A/IOBluetooth
0x000000019fa01000 	/System/Library/PrivateFrameworks/MediaExperience.framework/Versions/A/MediaExperience
0x00000001a16d8000 	/System/Library/PrivateFrameworks/AudioSession.framework/libSessionUtility.dylib
0x00000001a1d53000 	/System/Library/PrivateFrameworks/AudioResourceArbitration.framework/Versions/A/AudioResourceArbitration
0x00000001a640d000 	/System/Library/PrivateFrameworks/PowerLog.framework/Versions/A/PowerLog
0x00000001a632c000 	/System/Library/Frameworks/CoreBluetooth.framework/Versions/A/CoreBluetooth
0x00000001a953b000 	/System/Library/Frameworks/AudioUnit.framework/Versions/A/AudioUnit
0x000000019d28c000 	/System/Library/PrivateFrameworks/CoreUtils.framework/Versions/A/CoreUtils
0x000000022ef3f000 	/System/Library/PrivateFrameworks/CoreUtilsExtras.framework/Versions/A/CoreUtilsExtras
0x00000002393e3000 	/System/Library/PrivateFrameworks/IO80211.framework/Versions/A/IO80211
0x00000001a6fc1000 	/System/Library/PrivateFrameworks/FrontBoardServices.framework/Versions/A/FrontBoardServices
0x00000001a8b05000 	/System/Library/PrivateFrameworks/BackBoardServices.framework/Versions/A/BackBoardServices
0x000000019f968000 	/System/Library/PrivateFrameworks/IconFoundation.framework/Versions/A/IconFoundation
0x00000001a5310000 	/System/Library/PrivateFrameworks/SpeechRecognitionCore.framework/Versions/A/SpeechRecognitionCore
0x00000001b1539000 	/usr/lib/libAccessibility.dylib
0x00000001a5a03000 	/System/Library/Frameworks/MediaAccessibility.framework/Versions/A/MediaAccessibility
0x00000001d6919000 	/System/Library/Frameworks/OSLog.framework/Versions/A/OSLog
0x00000001b6c7c000 	/System/Library/PrivateFrameworks/LoggingSupport.framework/Versions/A/LoggingSupport
0x00000001041fc000 	/Users/andrewyin/Library/Java/JavaVirtualMachines/corretto-17.0.10/Contents/Home/lib/server/libjvm.dylib
0x0000000102cc4000 	/Users/andrewyin/Library/Java/JavaVirtualMachines/corretto-17.0.10/Contents/Home/lib/libjimage.dylib
0x0000000102cf4000 	/Users/andrewyin/Library/Java/JavaVirtualMachines/corretto-17.0.10/Contents/Home/lib/libinstrument.dylib
0x0000000102d44000 	/Users/andrewyin/Library/Java/JavaVirtualMachines/corretto-17.0.10/Contents/Home/lib/libjava.dylib
0x0000000102fb8000 	/Users/andrewyin/Library/Java/JavaVirtualMachines/corretto-17.0.10/Contents/Home/lib/libzip.dylib
0x0000000102fe0000 	/Users/andrewyin/Library/Java/JavaVirtualMachines/corretto-17.0.10/Contents/Home/lib/libnio.dylib
0x0000000103000000 	/Users/andrewyin/Library/Java/JavaVirtualMachines/corretto-17.0.10/Contents/Home/lib/libnet.dylib
0x0000000103024000 	/Users/andrewyin/Library/Java/JavaVirtualMachines/corretto-17.0.10/Contents/Home/lib/libverify.dylib
0x0000000102d20000 	/Users/andrewyin/.gradle/native/c067742578af261105cb4f569cf0c3c89f3d7b1fecec35dd04571415982c5e48/osx-aarch64/libnative-platform.dylib
0x0000000126504000 	/Users/andrewyin/.gradle/native/38dada09dfb8b06ba9b0570ebf7e218e3eb74d4ef43ca46872605cf95ebc2f47/osx-aarch64/libnative-platform-file-events.dylib
0x0000000103040000 	/Users/andrewyin/Library/Java/JavaVirtualMachines/corretto-17.0.10/Contents/Home/lib/libmanagement.dylib
0x0000000103054000 	/Users/andrewyin/Library/Java/JavaVirtualMachines/corretto-17.0.10/Contents/Home/lib/libmanagement_ext.dylib
0x0000000103068000 	/Users/andrewyin/Library/Java/JavaVirtualMachines/corretto-17.0.10/Contents/Home/lib/libextnet.dylib


VM Arguments:
jvm_args: --add-opens=java.base/java.util=ALL-UNNAMED --add-opens=java.base/java.lang=ALL-UNNAMED --add-opens=java.base/java.lang.invoke=ALL-UNNAMED --add-opens=java.prefs/java.util.prefs=ALL-UNNAMED --add-opens=java.base/java.nio.charset=ALL-UNNAMED --add-opens=java.base/java.net=ALL-UNNAMED --add-opens=java.base/java.util.concurrent.atomic=ALL-UNNAMED -Xmx4G -Dfile.encoding=UTF-8 -Duser.country=US -Duser.language=en -Duser.variant -javaagent:/Users/andrewyin/.gradle/wrapper/dists/gradle-8.4-bin/1w5dpkrfk8irigvoxmyhowfim/gradle-8.4/lib/agents/gradle-instrumentation-agent-8.4.jar 
java_command: org.gradle.launcher.daemon.bootstrap.GradleDaemon 8.4
java_class_path (initial): /Users/andrewyin/.gradle/wrapper/dists/gradle-8.4-bin/1w5dpkrfk8irigvoxmyhowfim/gradle-8.4/lib/gradle-launcher-8.4.jar
Launcher Type: SUN_STANDARD

[Global flags]
     intx CICompilerCount                          = 4                                         {product} {ergonomic}
     uint ConcGCThreads                            = 2                                         {product} {ergonomic}
     uint G1ConcRefinementThreads                  = 8                                         {product} {ergonomic}
   size_t G1HeapRegionSize                         = 2097152                                   {product} {ergonomic}
    uintx GCDrainStackTargetSize                   = 64                                        {product} {ergonomic}
   size_t InitialHeapSize                          = 268435456                                 {product} {ergonomic}
   size_t MarkStackSize                            = 4194304                                   {product} {ergonomic}
   size_t MaxHeapSize                              = 4294967296                                {product} {command line}
   size_t MaxNewSize                               = 2575302656                                {product} {ergonomic}
   size_t MinHeapDeltaBytes                        = 2097152                                   {product} {ergonomic}
   size_t MinHeapSize                              = 8388608                                   {product} {ergonomic}
    uintx NonNMethodCodeHeapSize                   = 5839564                                {pd product} {ergonomic}
    uintx NonProfiledCodeHeapSize                  = 122909338                              {pd product} {ergonomic}
    uintx ProfiledCodeHeapSize                     = 122909338                              {pd product} {ergonomic}
    uintx ReservedCodeCacheSize                    = 251658240                              {pd product} {ergonomic}
     bool SegmentedCodeCache                       = true                                      {product} {ergonomic}
   size_t SoftMaxHeapSize                          = 4294967296                             {manageable} {ergonomic}
     bool UseCompressedClassPointers               = true                           {product lp64_product} {ergonomic}
     bool UseCompressedOops                        = true                           {product lp64_product} {ergonomic}
     bool UseG1GC                                  = true                                      {product} {ergonomic}
     bool UseNUMA                                  = false                                     {product} {ergonomic}
     bool UseNUMAInterleaving                      = false                                     {product} {ergonomic}

Logging:
Log output configuration:
 #0: stdout all=warning uptime,level,tags
 #1: stderr all=off uptime,level,tags

Environment Variables:
PATH=/Library/Frameworks/Python.framework/Versions/3.12/bin:/usr/local/bin:/System/Cryptexes/App/usr/bin:/usr/bin:/bin:/usr/sbin:/sbin:/var/run/com.apple.security.cryptexd/codex.system/bootstrap/usr/local/bin:/var/run/com.apple.security.cryptexd/codex.system/bootstrap/usr/bin:/var/run/com.apple.security.cryptexd/codex.system/bootstrap/usr/appleinternal/bin
SHELL=/bin/zsh
LC_CTYPE=en_US.UTF-8
TMPDIR=/var/folders/_b/l9zbrb0s0k5btg6hqw6wbywh0000gn/T/

Active Locale:
LC_ALL=C
LC_COLLATE=C
LC_CTYPE=C
LC_MESSAGES=C
LC_MONETARY=C
LC_NUMERIC=C
LC_TIME=C

Signal Handlers:
   SIGSEGV: crash_handler in libjvm.dylib, mask=11100110000111110111111111111111, flags=SA_RESTART|SA_SIGINFO, unblocked
    SIGBUS: crash_handler in libjvm.dylib, mask=11100110000111110111111111111111, flags=SA_RESTART|SA_SIGINFO, unblocked
    SIGFPE: crash_handler in libjvm.dylib, mask=11100110000111110111111111111111, flags=SA_RESTART|SA_SIGINFO, unblocked
   SIGPIPE: javaSignalHandler in libjvm.dylib, mask=11100110000111110111111111111111, flags=SA_RESTART|SA_SIGINFO, blocked
   SIGXFSZ: javaSignalHandler in libjvm.dylib, mask=11100110000111110111111111111111, flags=SA_RESTART|SA_SIGINFO, blocked
    SIGILL: crash_handler in libjvm.dylib, mask=11100110000111110111111111111111, flags=SA_RESTART|SA_SIGINFO, unblocked
   SIGUSR2: SR_handler in libjvm.dylib, mask=00000000000000000000000000000000, flags=SA_RESTART|SA_SIGINFO, blocked
    SIGHUP: UserHandler in libjvm.dylib, mask=11100110000111110111111111111111, flags=SA_RESTART|SA_SIGINFO, blocked
    SIGINT: UserHandler in libjvm.dylib, mask=11100110000111110111111111111111, flags=SA_RESTART|SA_SIGINFO, blocked
   SIGTERM: UserHandler in libjvm.dylib, mask=11100110000111110111111111111111, flags=SA_RESTART|SA_SIGINFO, blocked
   SIGQUIT: UserHandler in libjvm.dylib, mask=11100110000111110111111111111111, flags=SA_RESTART|SA_SIGINFO, blocked
   SIGTRAP: crash_handler in libjvm.dylib, mask=11100110000111110111111111111111, flags=SA_RESTART|SA_SIGINFO, unblocked


Periodic native trim disabled


---------------  S Y S T E M  ---------------

OS:
uname: Darwin 23.4.0 Darwin Kernel Version 23.4.0: Wed Feb 21 21:44:43 PST 2024; root:xnu-10063.101.15~2/RELEASE_ARM64_T6000 arm64
OS uptime: 25 days 10:35 hours
rlimit (soft/hard): STACK 8176k/65520k , CORE 0k/infinity , NPROC 2666/4000 , NOFILE 10240/infinity , AS infinity/infinity , CPU infinity/infinity , DATA infinity/infinity , FSIZE infinity/infinity , MEMLOCK infinity/infinity , RSS infinity/infinity
load average: 2.32 3.09 3.97

CPU: total 8 (initial active 8) 0x61:0x0:0x1b588bb3:0, fp, simd, crc, lse
machdep.cpu.brand_string:Apple M1 Pro
hw.cachelinesize:128
hw.l1icachesize:131072
hw.l1dcachesize:65536
hw.l2cachesize:4194304

Memory: 16k page, physical 16777216k(3116880k free), swap 1048576k(974400k free)

vm_info: OpenJDK 64-Bit Server VM (17.0.10+7-LTS) for bsd-aarch64 JRE (17.0.10+7-LTS), built on Jan 10 2024 22:07:43 by "ec2user" with clang Apple LLVM 14.0.0 (clang-1400.0.29.202)

END.
